FIPS,Recip_County,Recip_State,Series_Complete_5Plus
29075,Gentry County,MO,2807
20037,Crawford County,KS,17863
17031,Cook County,IL,3585484
29175,Randolph County,MO,9156
30047,Lake County,MT,16803
33015,Rockingham County,NH,204602
31021,Burt County,NE,3718
21005,Anderson County,KY,12271
06097,Sonoma County,CA,375461
53041,Lewis County,WA,40215
13137,Habersham County,GA,17785
48177,Gonzales County,TX,10029
21191,Pendleton County,KY,6264
45063,Lexington County,SC,160415
15003,Honolulu County,HI,0
48141,El Paso County,TX,644621
08033,Dolores County,CO,832
45059,Laurens County,SC,25379
54095,Tyler County,WV,3569
30101,Toole County,MT,2125
48007,Aransas County,TX,13173
18001,Adams County,IN,11557
33009,Grafton County,NH,66452
51083,Halifax County,VA,14405
53071,Walla Walla County,WA,37724
41071,Yamhill County,OR,66032
55061,Kewaunee County,WI,10407
55055,Jefferson County,WI,47588
05147,Woodruff County,AR,3486
39001,Adams County,OH,9449
01073,Jefferson County,AL,370301
12035,Flagler County,FL,71467
38087,Slope County,ND,81
55035,Eau Claire County,WI,63335
20049,Elk County,KS,831
19177,Van Buren County,IA,2906
17149,Pike County,IL,6230
28013,Calhoun County,MS,6148
30071,Phillips County,MT,1703
32013,Humboldt County,NV,6779
51520,Bristol city,VA,11186
05023,Cleburne County,AR,10816
01033,Colbert County,AL,25905
17059,Gallatin County,IL,2609
01103,Morgan County,AL,50969
20201,Washington County,KS,2849
51179,Stafford County,VA,86497
38099,Walsh County,ND,6074
21185,Oldham County,KY,37603
54031,Hardy County,WV,7442
05047,Franklin County,AR,8420
41069,Wheeler County,OR,720
19095,Iowa County,IA,9987
13219,Oconee County,GA,22608
19153,Polk County,IA,323126
05069,Jefferson County,AR,28767
05109,Pike County,AR,4398
37035,Catawba County,NC,85440
29041,Chariton County,MO,2739
13023,Bleckley County,GA,4588
27077,Lake of the Woods County,MN,2029
27061,Itasca County,MN,24958
72137,Toa Baja Municipio,PR,55055
37189,Watauga County,NC,30418
51810,Virginia Beach city,VA,274110
46125,Turner County,SD,4355
42053,Forest County,PA,5124
31143,Polk County,NE,2121
21227,Warren County,KY,49735
05119,Pulaski County,AR,220897
13083,Dade County,GA,7086
20051,Ellis County,KS,13875
22037,East Feliciana Parish,LA,7479
21231,Wayne County,KY,8275
20179,Sheridan County,KS,871
22105,Tangipahoa Parish,LA,60640
35001,Bernalillo County,NM,461007
48021,Bastrop County,TX,49592
50019,Orleans County,VT,15511
38053,McKenzie County,ND,3224
54037,Jefferson County,WV,35093
35006,Cibola County,NM,18134
22085,Sabine Parish,LA,8851
41051,Multnomah County,OR,628801
31029,Chase County,NE,1286
20135,Ness County,KS,1405
01013,Butler County,AL,7458
47037,Davidson County,TN,439107
20043,Doniphan County,KS,3572
54065,Morgan County,WV,7086
48427,Starr County,TX,50687
47093,Knox County,TN,276453
20061,Geary County,KS,26772
05061,Howard County,AR,6982
42089,Monroe County,PA,98018
13199,Meriwether County,GA,8561
48251,Johnson County,TX,78384
36063,Niagara County,NY,135937
45065,McCormick County,SC,5459
54025,Greenbrier County,WV,18704
13121,Fulton County,GA,583967
26147,St. Clair County,MI,77434
72081,Lares Municipio,PR,22063
40065,Jackson County,OK,12829
30081,Ravalli County,MT,20862
36023,Cortland County,NY,27625
48183,Gregg County,TX,54278
45031,Darlington County,SC,31584
72099,Moca Municipio,PR,26399
54005,Boone County,WV,10060
08023,Costilla County,CO,2301
19171,Tama County,IA,10301
12059,Holmes County,FL,5634
19057,Des Moines County,IA,19589
25013,Hampden County,MA,294859
51033,Caroline County,VA,12758
32005,Douglas County,NV,24533
39101,Marion County,OH,30587
28011,Bolivar County,MS,17430
54069,Ohio County,WV,26959
08055,Huerfano County,CO,3664
46033,Custer County,SD,4457
72149,Villalba Municipio,PR,18897
06103,Tehama County,CA,26543
01039,Covington County,AL,13805
19129,Mills County,IA,8159
UNK,Unknown County,ME,39929
21113,Jessamine County,KY,28374
18097,Marion County,IN,520878
42103,Pike County,PA,31317
08047,Gilpin County,CO,3571
48297,Live Oak County,TX,5093
39091,Logan County,OH,19095
37131,Northampton County,NC,9120
22117,Washington Parish,LA,18769
41009,Columbia County,OR,31124
19053,Decatur County,IA,3134
18141,St. Joseph County,IN,154535
UNK,Unknown County,OK,137665
36109,Tompkins County,NY,79621
39007,Ashtabula County,OH,49809
51580,Covington city,VA,0
24003,Anne Arundel County,MD,431366
08029,Delta County,CO,14566
13079,Crawford County,GA,4937
13241,Rabun County,GA,7755
21073,Franklin County,KY,30564
05041,Desha County,AR,6565
78010,St. Croix Island,VI,21703
UNK,Unknown County,AS,37362
08065,Lake County,CO,4759
42009,Bedford County,PA,18216
26009,Antrim County,MI,13322
47097,Lauderdale County,TN,9350
53043,Lincoln County,WA,6015
21123,Larue County,KY,6140
13151,Henry County,GA,100804
53077,Yakima County,WA,150191
55083,Oconto County,WI,19739
37043,Clay County,NC,5888
20077,Harper County,KS,2467
39103,Medina County,OH,112591
29179,Reynolds County,MO,1627
13293,Upson County,GA,11695
30093,Silver Bow County,MT,21078
20027,Clay County,KS,4709
17053,Ford County,IL,7272
05039,Dallas County,AR,3874
72095,Maunabo Municipio,PR,7421
72127,San Juan Municipio,PR,227894
51139,Page County,VA,8907
42037,Columbia County,PA,39075
56017,Hot Springs County,WY,2155
46093,Meade County,SD,14908
15007,Kauai County,HI,0
UNK,Unknown County,GA,580828
17067,Hancock County,IL,8392
20189,Stevens County,KS,2009
30019,Daniels County,MT,695
36059,Nassau County,NY,1069830
39063,Hancock County,OH,37703
37049,Craven County,NC,61257
16087,Washington County,ID,4055
22001,Acadia Parish,LA,32066
42041,Cumberland County,PA,168744
42003,Allegheny County,PA,825147
39119,Muskingum County,OH,40869
18051,Gibson County,IN,15333
18129,Posey County,IN,11807
29115,Linn County,MO,5349
UNK,Unknown County,MT,24989
UNK,Unknown County,HI,0
37149,Polk County,NC,8922
29135,Moniteau County,MO,5667
40061,Haskell County,OK,5065
54019,Fayette County,WV,23180
49049,Utah County,UT,340448
37083,Halifax County,NC,25897
41061,Union County,OR,12906
48459,Upshur County,TX,13901
54059,Mingo County,WV,9228
08085,Montrose County,CO,20199
55079,Milwaukee County,WI,585846
54087,Roane County,WV,6418
05003,Ashley County,AR,9561
48305,Lynn County,TX,2250
13103,Effingham County,GA,24169
13031,Bulloch County,GA,26618
28127,Simpson County,MS,11668
22033,East Baton Rouge Parish,LA,239362
21157,Marshall County,KY,16327
47005,Benton County,TN,6992
45023,Chester County,SC,14456
27143,Sibley County,MN,7072
13259,Stewart County,GA,2089
37191,Wayne County,NC,57724
29059,Dallas County,MO,5783
28089,Madison County,MS,66054
51775,Salem city,VA,0
45055,Kershaw County,SC,37772
51550,Chesapeake city,VA,125353
20087,Jefferson County,KS,10142
12111,St. Lucie County,FL,186744
48145,Falls County,TX,7874
36097,Schuyler County,NY,10883
21221,Trigg County,KY,6704
18011,Boone County,IN,47002
06093,Siskiyou County,CA,22677
42107,Schuylkill County,PA,82949
01063,Greene County,AL,3991
27037,Dakota County,MN,290224
06111,Ventura County,CA,592659
19005,Allamakee County,IA,7128
08043,Fremont County,CO,20535
42031,Clarion County,PA,16495
22017,Caddo Parish,LA,113062
37047,Columbus County,NC,24113
27099,Mower County,MN,24190
06075,San Francisco County,CA,723233
37075,Graham County,NC,4075
48401,Rusk County,TX,20339
39145,Scioto County,OH,36209
41067,Washington County,OR,447123
12077,Liberty County,FL,2821
02290,Yukon-Koyukuk Census Area,AK,3636
46135,Yankton County,SD,14216
21049,Clark County,KY,19313
48015,Austin County,TX,13889
72033,Catano Municipio,PR,16095
42117,Tioga County,PA,18259
27041,Douglas County,MN,21443
25023,Plymouth County,MA,353663
30051,Liberty County,MT,779
48195,Hansford County,TX,2227
31117,McPherson County,NE,69
32019,Lyon County,NV,23359
18151,Steuben County,IN,16084
39025,Clermont County,OH,114816
21031,Butler County,KY,5683
28041,Greene County,MS,4923
49009,Daggett County,UT,612
08014,Broomfield County,CO,55807
37057,Davidson County,NC,77685
02013,Aleutians East Borough,AK,2382
47153,Sequatchie County,TN,5108
02122,Kenai Peninsula Borough,AK,26487
29089,Howard County,MO,4231
26155,Shiawassee County,MI,34301
72047,Corozal Municipio,PR,24744
46115,Spink County,SD,3257
46071,Jackson County,SD,1567
21181,Nicholas County,KY,3782
40025,Cimarron County,OK,668
20163,Rooks County,KS,2321
17043,DuPage County,IL,694095
19031,Cedar County,IA,10981
27085,McLeod County,MN,20218
38049,McHenry County,ND,2371
29213,Taney County,MO,22142
50005,Caledonia County,VT,10744
48271,Kinney County,TX,1804
01035,Conecuh County,AL,5121
06015,Del Norte County,CA,11640
40011,Blaine County,OK,4304
31039,Cuming County,NE,4598
28105,Oktibbeha County,MS,24933
51011,Appomattox County,VA,5136
48485,Wichita County,TX,67817
21047,Christian County,KY,24389
40003,Alfalfa County,OK,2538
51660,Harrisonburg city,VA,20043
39057,Greene County,OH,104202
13263,Talbot County,GA,2924
72103,Naguabo Municipio,PR,15787
UNK,Unknown County,IN,50959
19009,Audubon County,IA,3158
17129,Menard County,IL,6886
37041,Chowan County,NC,7642
49019,Grand County,UT,6400
42071,Lancaster County,PA,313124
48381,Randall County,TX,61963
51145,Powhatan County,VA,11450
56029,Park County,WY,13186
72091,Manati Municipio,PR,28510
39055,Geauga County,OH,56389
56007,Carbon County,WY,6616
51197,Wythe County,VA,10988
19065,Fayette County,IA,10491
08101,Pueblo County,CO,93106
31133,Pawnee County,NE,1115
38051,McIntosh County,ND,1072
51187,Warren County,VA,14624
UNK,Unknown County,AL,185064
17055,Franklin County,IL,16892
37097,Iredell County,NC,92874
47089,Jefferson County,TN,26676
39087,Lawrence County,OH,28516
08005,Arapahoe County,CO,435077
17037,DeKalb County,IL,57696
17091,Kankakee County,IL,55515
22005,Ascension Parish,LA,62719
72055,Guanica Municipio,PR,10773
51600,Fairfax city,VA,15974
02164,Lake and Peninsula Borough,AK,917
21151,Madison County,KY,42749
12043,Glades County,FL,4555
27065,Kanabec County,MN,6823
31069,Garden County,NE,824
29149,Oregon County,MO,3211
05145,White County,AR,34058
55001,Adams County,WI,11193
02016,Aleutians West Census Area,AK,3373
51085,Hanover County,VA,62508
04021,Pinal County,AZ,238644
05117,Prairie County,AR,3406
72125,San German Municipio,PR,22763
27127,Redwood County,MN,7997
16083,Twin Falls County,ID,41935
17137,Morgan County,IL,18056
30059,Meagher County,MT,922
17023,Clark County,IL,7357
21111,Jefferson County,KY,477431
30025,Fallon County,MT,945
18059,Hancock County,IN,51777
31055,Douglas County,NE,367952
24510,Baltimore city,MD,368261
51171,Shenandoah County,VA,21031
47043,Dickson County,TN,25612
13315,Wilcox County,GA,3078
48069,Castro County,TX,3174
28021,Claiborne County,MS,4764
39131,Pike County,OH,11988
48185,Grimes County,TX,14743
31147,Richardson County,NE,4003
47079,Henry County,TN,14764
22065,Madison Parish,LA,4763
27133,Rock County,MN,4901
51770,Roanoke city,VA,40210
13279,Toombs County,GA,11024
29159,Pettis County,MO,17554
48465,Val Verde County,TX,30987
51161,Roanoke County,VA,45943
23007,Franklin County,ME,18869
29025,Caldwell County,MO,3459
12079,Madison County,FL,8327
19189,Winnebago County,IA,5320
05027,Columbia County,AR,11145
42059,Greene County,PA,17740
53031,Jefferson County,WA,24313
04011,Greenlee County,AZ,4071
31077,Greeley County,NE,927
26067,Ionia County,MI,29801
22127,Winn Parish,LA,6375
17105,Livingston County,IL,17771
05035,Crittenden County,AR,20683
47187,Williamson County,TN,154493
05105,Perry County,AR,5290
36069,Ontario County,NY,73630
06027,Inyo County,CA,0
06063,Plumas County,CA,0
56025,Natrona County,WY,35990
02230,Skagway Municipality,AK,845
36081,Queens County,NY,1875585
17035,Cumberland County,IL,4120
48489,Willacy County,TX,13388
51053,Dinwiddie County,VA,13409
16045,Gem County,ID,7071
21057,Cumberland County,KY,2870
54079,Putnam County,WV,32192
17113,McLean County,IL,107223
36051,Livingston County,NY,36812
18123,Perry County,IN,10634
19179,Wapello County,IA,16930
20019,Chautauqua County,KS,1309
19175,Union County,IA,6158
24013,Carroll County,MD,121556
16071,Oneida County,ID,2014
28113,Pike County,MS,19125
40075,Kiowa County,OK,4362
17127,Massac County,IL,5466
17199,Williamson County,IL,36116
48187,Guadalupe County,TX,89699
51107,Loudoun County,VA,293819
40147,Washington County,OK,21860
48151,Fisher County,TX,1363
20097,Kiowa County,KS,1231
13017,Ben Hill County,GA,6268
31163,Sherman County,NE,1167
30107,Wheatland County,MT,750
17049,Effingham County,IL,16242
28123,Scott County,MS,13679
22123,West Carroll Parish,LA,4311
37091,Hertford County,NC,11094
16067,Minidoka County,ID,8301
08111,San Juan County,CO,656
25009,Essex County,MA,566335
47015,Cannon County,TN,4605
46099,Minnehaha County,SD,124426
20155,Reno County,KS,29949
51640,Galax city,VA,0
UNK,Unknown County,TN,80667
54097,Upshur County,WV,11930
28125,Sharkey County,MS,2321
38105,Williams County,ND,11086
29157,Perry County,MO,7419
37085,Harnett County,NC,55280
37113,Macon County,NC,20583
54033,Harrison County,WV,34391
26061,Houghton County,MI,18238
02170,Matanuska-Susitna Borough,AK,40414
17083,Jersey County,IL,11986
54105,Wirt County,WV,2717
27039,Dodge County,MN,12384
19013,Black Hawk County,IA,77133
05107,Phillips County,AR,8500
05125,Saline County,AR,60055
40033,Cotton County,OK,2764
08019,Clear Creek County,CO,4691
22071,Orleans Parish,LA,262424
19073,Greene County,IA,5078
46053,Gregory County,SD,2061
12099,Palm Beach County,FL,967417
46067,Hutchinson County,SD,3852
20133,Neosho County,KS,4291
01121,Talladega County,AL,28588
16027,Canyon County,ID,103126
09013,Tolland County,CT,98572
UNK,Unknown County,MN,204733
17173,Shelby County,IL,8899
13265,Taliaferro County,GA,747
48205,Hartley County,TX,2644
21091,Hancock County,KY,5025
16021,Boundary County,ID,4176
20025,Clark County,KS,901
51115,Mathews County,VA,5310
42109,Snyder County,PA,17059
36011,Cayuga County,NY,44337
08119,Teller County,CO,13474
42069,Lackawanna County,PA,143095
47125,Montgomery County,TN,122067
26097,Mackinac County,MI,7973
29127,Marion County,MO,11660
51141,Patrick County,VA,6852
51001,Accomack County,VA,22809
UNK,Unknown County,CO,112442
53061,Snohomish County,WA,564743
54093,Tucker County,WV,4073
27109,Olmsted County,MN,119226
18031,Decatur County,IN,12476
51075,Goochland County,VA,15392
48309,McLennan County,TX,128749
UNK,Unknown County,CT,47413
17079,Jasper County,IL,3943
18155,Switzerland County,IN,3250
20209,Wyandotte County,KS,90169
51027,Buchanan County,VA,9811
41059,Umatilla County,OR,42064
48257,Kaufman County,TX,68625
16005,Bannock County,ID,44245
27021,Cass County,MN,16572
29007,Audrain County,MO,9310
55049,Iowa County,WI,16021
26055,Grand Traverse County,MI,61452
21133,Letcher County,KY,11196
34025,Monmouth County,NJ,408833
37109,Lincoln County,NC,40657
55077,Marquette County,WI,8139
05095,Monroe County,AR,3627
38079,Rolette County,ND,9418
17189,Washington County,IL,7925
28133,Sunflower County,MS,12941
10001,Kent County,DE,97024
22055,Lafayette Parish,LA,119110
47067,Hancock County,TN,2113
46073,Jerauld County,SD,1014
26093,Livingston County,MI,113081
08115,Sedgwick County,CO,1152
30017,Custer County,MT,4910
26131,Ontonagon County,MI,3930
51680,Lynchburg city,VA,25074
40041,Delaware County,OK,17590
48039,Brazoria County,TX,211408
46039,Deuel County,SD,1958
53059,Skamania County,WA,4566
40119,Payne County,OK,38993
22027,Claiborne Parish,LA,6234
27103,Nicollet County,MN,21008
01067,Henry County,AL,7636
28139,Tippah County,MS,8975
37061,Duplin County,NC,25539
01093,Marion County,AL,10564
13091,Dodge County,GA,7101
42083,McKean County,PA,19423
41025,Harney County,OR,3338
51091,Highland County,VA,1298
19055,Delaware County,IA,9057
26125,Oakland County,MI,812573
18125,Pike County,IN,6964
18099,Marshall County,IN,20170
21201,Robertson County,KY,797
18117,Orange County,IN,10678
35011,De Baca County,NM,858
12081,Manatee County,FL,243087
55109,St. Croix County,WI,44222
22031,De Soto Parish,LA,11431
31107,Knox County,NE,3995
08051,Gunnison County,CO,11903
16019,Bonneville County,ID,61667
30009,Carbon County,MT,4975
39083,Knox County,OH,26280
72065,Hatillo Municipio,PR,26438
28029,Copiah County,MS,14736
20085,Jackson County,KS,8242
29009,Barry County,MO,15554
29119,McDonald County,MO,7226
27167,Wilkin County,MN,3298
40007,Beaver County,OK,1604
47105,Loudon County,TN,33771
48049,Brown County,TX,15355
01023,Choctaw County,AL,8079
05015,Carroll County,AR,13196
UNK,Unknown County,WY,8466
08071,Las Animas County,CO,8759
26089,Leelanau County,MI,17598
51119,Middlesex County,VA,6539
48023,Baylor County,TX,1410
55099,Price County,WI,8123
31091,Hooker County,NE,283
21095,Harlan County,KY,11755
56041,Uinta County,WY,10004
51061,Fauquier County,VA,44597
55131,Washington County,WI,76578
55127,Walworth County,WI,54410
17119,Madison County,IL,159318
18019,Clark County,IN,69526
18013,Brown County,IN,7496
48037,Bowie County,TX,35603
12075,Levy County,FL,19130
55017,Chippewa County,WI,35994
47051,Franklin County,TN,16961
37129,New Hanover County,NC,144375
48385,Real County,TX,1692
51165,Rockingham County,VA,34890
51101,King William County,VA,8675
UNK,Unknown County,AR,152637
08001,Adams County,CO,341018
05043,Drew County,AR,8504
05089,Marion County,AR,5872
13113,Fayette County,GA,69571
01115,St. Clair County,AL,34167
17153,Pulaski County,IL,2169
18003,Allen County,IN,193185
36039,Greene County,NY,28849
72109,Patillas Municipio,PR,12273
21229,Washington County,KY,5990
37065,Edgecombe County,NC,24052
29017,Bollinger County,MO,3921
29147,Nodaway County,MO,10550
48171,Gillespie County,TX,14256
48149,Fayette County,TX,12434
13013,Barrow County,GA,32232
48453,Travis County,TX,866192
20075,Hamilton County,KS,1011
26099,Macomb County,MI,482966
02185,North Slope Borough,AK,3738
46031,Corson County,SD,1650
34009,Cape May County,NJ,65722
27087,Mahnomen County,MN,3184
48467,Van Zandt County,TX,20824
19089,Howard County,IA,4636
18085,Kosciusko County,IN,31520
19187,Webster County,IA,20244
31105,Kimball County,NE,1255
04015,Mohave County,AZ,85287
16053,Jerome County,ID,10795
36119,Westchester County,NY,754924
51043,Clarke County,VA,9138
47061,Grundy County,TN,3985
20095,Kingman County,KS,3298
51079,Greene County,VA,9018
28087,Lowndes County,MS,29108
47115,Marion County,TN,12679
31017,Brown County,NE,1053
40107,Okfuskee County,OK,5483
12031,Duval County,FL,568533
13057,Cherokee County,GA,125171
20199,Wallace County,KS,559
22051,Jefferson Parish,LA,274593
06049,Modoc County,CA,0
48155,Foard County,TX,493
20031,Coffey County,KS,4244
40069,Johnston County,OK,4585
20105,Lincoln County,KS,1272
13119,Franklin County,GA,8191
22121,West Baton Rouge Parish,LA,13914
30111,Yellowstone County,MT,81309
12009,Brevard County,FL,380630
42133,York County,PA,256194
04019,Pima County,AZ,691511
29033,Carroll County,MO,4179
08003,Alamosa County,CO,8945
09007,Middlesex County,CT,132473
12083,Marion County,FL,203157
26029,Charlevoix County,MI,16499
19139,Muscatine County,IA,25396
17169,Schuyler County,IL,3720
72129,San Lorenzo Municipio,PR,26784
33011,Hillsborough County,NH,259807
37161,Rutherford County,NC,27289
21161,Mason County,KY,8488
13045,Carroll County,GA,44247
20147,Phillips County,KS,2194
51157,Rappahannock County,VA,3777
13015,Bartow County,GA,39068
38095,Towner County,ND,1025
29163,Pike County,MO,6716
55011,Buffalo County,WI,6437
36087,Rockland County,NY,202038
48267,Kimble County,TX,1843
48139,Ellis County,TX,96753
55007,Bayfield County,WI,12060
54051,Marshall County,WV,13464
32015,Lander County,NV,2158
06019,Fresno County,CA,586603
13047,Catoosa County,GA,28900
48105,Crockett County,TX,1604
48163,Frio County,TX,11952
51037,Charlotte County,VA,4496
48507,Zavala County,TX,6025
13253,Seminole County,GA,3596
30037,Golden Valley County,MT,371
32011,Eureka County,NV,536
38023,Divide County,ND,913
48201,Harris County,TX,2906376
46079,Lake County,SD,6282
41023,Grant County,OR,3228
05005,Baxter County,AR,19274
08075,Logan County,CO,8319
17203,Woodford County,IL,20699
48233,Hutchinson County,TX,7098
12015,Charlotte County,FL,121220
15005,Kalawao County,HI,0
04009,Graham County,AZ,23818
18101,Martin County,IN,4544
01061,Geneva County,AL,10351
37197,Yadkin County,NC,18123
37169,Stokes County,NC,20766
37029,Camden County,NC,6460
19107,Keokuk County,IA,4665
19191,Winneshiek County,IA,12214
32021,Mineral County,NV,2503
12023,Columbia County,FL,29401
54003,Berkeley County,WV,63216
40115,Ottawa County,OK,11801
48025,Bee County,TX,15726
72051,Dorado Municipio,PR,26795
31145,Red Willow County,NE,3883
27043,Faribault County,MN,7670
47009,Blount County,TN,67911
20197,Wabaunsee County,KS,3223
26031,Cheboygan County,MI,13895
13073,Columbia County,GA,77137
39027,Clinton County,OH,20098
28059,Jackson County,MS,66451
48121,Denton County,TX,531969
56033,Sheridan County,WY,15702
05121,Randolph County,AR,7081
13141,Hancock County,GA,3965
20099,Labette County,KS,9490
36113,Warren County,NY,48570
23015,Lincoln County,ME,27492
41031,Jefferson County,OR,15070
30041,Hill County,MT,11225
72035,Cayey Municipio,PR,33875
48447,Throckmorton County,TX,605
54021,Gilmer County,WV,4633
36029,Erie County,NY,626595
55089,Ozaukee County,WI,62734
45007,Anderson County,SC,79963
01127,Walker County,AL,29320
01131,Wilcox County,AL,5379
16017,Bonner County,ID,19285
13267,Tattnall County,GA,8143
24043,Washington County,MD,87084
18041,Fayette County,IN,8901
18071,Jackson County,IN,22820
46003,Aurora County,SD,1446
34031,Passaic County,NJ,336434
47041,DeKalb County,TN,8257
31177,Washington County,NE,11413
48495,Winkler County,TX,3019
01111,Randolph County,AL,7260
04013,Maricopa County,AZ,2472422
13287,Turner County,GA,3838
37159,Rowan County,NC,61263
72079,Lajas Municipio,PR,16737
26139,Ottawa County,MI,164158
18103,Miami County,IN,13903
22047,Iberville Parish,LA,17702
36083,Rensselaer County,NY,109620
46107,Potter County,SD,1282
49013,Duchesne County,UT,8458
05087,Madison County,AR,6992
47161,Stewart County,TN,5861
37181,Vance County,NC,24341
40073,Kingfisher County,OK,7338
48161,Freestone County,TX,7379
13223,Paulding County,GA,61124
17051,Fayette County,IL,7553
26073,Isabella County,MI,30472
49025,Kane County,UT,3835
56043,Washakie County,WY,3344
28065,Jefferson Davis County,MS,4857
27091,Martin County,MN,10666
51105,Lee County,VA,11519
54029,Hancock County,WV,18724
51125,Nelson County,VA,8270
72019,Barranquitas Municipio,PR,20790
38091,Steele County,ND,864
48253,Jones County,TX,8672
08113,San Miguel County,CO,6663
04027,Yuma County,AZ,142004
42019,Butler County,PA,118067
46103,Pennington County,SD,63776
27017,Carlton County,MN,22597
55039,Fond du Lac County,WI,55948
01003,Baldwin County,AL,110540
20181,Sherman County,KS,2549
19137,Montgomery County,IA,5456
42087,Mifflin County,PA,22379
19061,Dubuque County,IA,61473
39071,Highland County,OH,15994
17027,Clinton County,IL,22007
72061,Guaynabo Municipio,PR,73474
28147,Walthall County,MS,5719
51830,Williamsburg city,VA,5890
48027,Bell County,TX,209556
40031,Comanche County,OK,69923
46105,Perkins County,SD,913
26057,Gratiot County,MI,18341
06057,Nevada County,CA,62117
55081,Monroe County,WI,24339
19051,Davis County,IA,3225
13147,Hart County,GA,9808
53005,Benton County,WA,112578
37011,Avery County,NC,9276
53065,Stevens County,WA,17520
36117,Wayne County,NY,54990
05135,Sharp County,AR,6609
19041,Clay County,IA,8164
30065,Musselshell County,MT,1565
17151,Pope County,IL,1449
23003,Aroostook County,ME,45409
13271,Telfair County,GA,4484
47121,Meigs County,TN,8327
37005,Alleghany County,NC,6405
35005,Chaves County,NM,28021
41035,Klamath County,OR,33763
49007,Carbon County,UT,9602
27035,Crow Wing County,MN,35988
49037,San Juan County,UT,9303
05129,Searcy County,AR,3002
48137,Edwards County,TX,1560
28129,Smith County,MS,5296
48235,Irion County,TX,2074
24027,Howard County,MD,271549
25017,Middlesex County,MA,1250423
27149,Stevens County,MN,5551
11001,District of Columbia,DC,466844
31153,Sarpy County,NE,119497
39169,Wayne County,OH,51496
51067,Franklin County,VA,23898
27173,Yellow Medicine County,MN,5395
21119,Knott County,KY,6926
45057,Lancaster County,SC,43490
UNK,Unknown County,MH,23196
49041,Sevier County,UT,9194
23021,Piscataquis County,ME,10170
51595,Emporia city,VA,0
51720,Norton city,VA,0
51193,Westmoreland County,VA,8106
51063,Floyd County,VA,5908
05143,Washington County,AR,128882
21199,Pulaski County,KY,29158
55067,Langlade County,WI,10134
06007,Butte County,CA,114444
42007,Beaver County,PA,81860
49053,Washington County,UT,88127
39109,Miami County,OH,49986
19043,Clayton County,IA,8259
51530,Buena Vista city,VA,0
40071,Kay County,OK,17995
53027,Grays Harbor County,WA,43089
51710,Norfolk city,VA,166351
20111,Lyon County,KS,18493
72069,Humacao Municipio,PR,39742
48455,Trinity County,TX,5646
21093,Hardin County,KY,67290
05079,Lincoln County,AR,4442
36079,Putnam County,NY,70216
34007,Camden County,NJ,335868
41041,Lincoln County,OR,34718
48221,Hood County,TX,30451
28055,Issaquena County,MS,519
38075,Renville County,ND,886
36089,St. Lawrence County,NY,64114
40139,Texas County,OK,8564
36111,Ulster County,NY,125873
20161,Riley County,KS,28319
13155,Irwin County,GA,3369
29209,Stone County,MO,11782
18083,Knox County,IN,17747
27081,Lincoln County,MN,2951
36057,Montgomery County,NY,31977
19059,Dickinson County,IA,9854
06115,Yuba County,CA,40111
13009,Baldwin County,GA,19310
20021,Cherokee County,KS,8902
24039,Somerset County,MD,12552
72077,Juncos Municipio,PR,27291
21217,Taylor County,KY,12087
24009,Calvert County,MD,63948
27135,Roseau County,MN,7636
27053,Hennepin County,MN,911857
46089,McPherson County,SD,939
13053,Chattahoochee County,GA,26755
48475,Ward County,TX,4226
08059,Jefferson County,CO,443436
13181,Lincoln County,GA,3555
19135,Monroe County,IA,3477
47091,Johnson County,TN,6431
51023,Botetourt County,VA,16305
29063,DeKalb County,MO,3442
46025,Clark County,SD,1833
50027,Windsor County,VT,27293
39133,Portage County,OH,91061
30069,Petroleum County,MT,147
12073,Leon County,FL,162646
48043,Brewster County,TX,5281
38077,Richland County,ND,8143
38097,Traill County,ND,4284
55101,Racine County,WI,115653
35009,Curry County,NM,25109
45041,Florence County,SC,73650
51135,Nottoway County,VA,6464
48071,Chambers County,TX,20301
46019,Butte County,SD,4068
48009,Archer County,TX,5016
01109,Pike County,AL,13491
49029,Morgan County,UT,6221
37101,Johnston County,NC,106870
39029,Columbiana County,OH,48870
48211,Hemphill County,TX,1575
36003,Allegany County,NY,19806
26161,Washtenaw County,MI,255140
39123,Ottawa County,OH,24512
16081,Teton County,ID,7370
18077,Jefferson County,IN,17653
46102,Oglala Lakota County,SD,10417
39065,Hardin County,OH,11784
36121,Wyoming County,NY,20060
05045,Faulkner County,AR,62858
40117,Pawnee County,OK,7892
13193,Macon County,GA,5446
54101,Webster County,WV,3800
39157,Tuscarawas County,OH,39807
48207,Haskell County,TX,2093
48033,Borden County,TX,222
21139,Livingston County,KY,4413
05067,Jackson County,AR,6293
22045,Iberia Parish,LA,31773
15001,Hawaii County,HI,0
18143,Scott County,IN,10246
18177,Wayne County,IN,31718
36001,Albany County,NY,223059
29125,Maries County,MO,3729
45073,Oconee County,SC,34995
17021,Christian County,IL,15410
45009,Bamberg County,SC,6988
54045,Logan County,WV,17768
04003,Cochise County,AZ,77813
38089,Stark County,ND,11236
13139,Hall County,GA,89674
21035,Calloway County,KY,17336
48435,Sutton County,TX,1613
05017,Chicot County,AR,5399
55123,Vernon County,WI,16698
45085,Sumter County,SC,53318
45071,Newberry County,SC,19701
06085,Santa Clara County,CA,1621731
29183,St. Charles County,MO,240928
48219,Hockley County,TX,9516
17007,Boone County,IL,31803
13067,Cobb County,GA,431569
29095,Jackson County,MO,388641
31003,Antelope County,NE,2290
21071,Floyd County,KY,19917
54081,Raleigh County,WV,38821
72015,Arroyo Municipio,PR,12336
13301,Warren County,GA,2464
04012,La Paz County,AZ,9948
13317,Wilkes County,GA,4578
18057,Hamilton County,IN,236012
72053,Fajardo Municipio,PR,21998
22021,Caldwell Parish,LA,3735
41017,Deschutes County,OR,133701
51195,Wise County,VA,17205
48199,Hardin County,TX,21258
40131,Rogers County,OK,42007
39019,Carroll County,OH,11557
53063,Spokane County,WA,309869
42005,Armstrong County,PA,37810
26017,Bay County,MI,57762
18181,White County,IN,12797
13173,Lanier County,GA,2737
UNK,Unknown County,ID,20897
02060,Bristol Bay Borough,AK,839
72147,Vieques Municipio,PR,6520
29069,Dunklin County,MO,10483
21079,Garrard County,KY,8310
17085,Jo Daviess County,IL,16176
20047,Edwards County,KS,1317
35023,Hidalgo County,NM,2410
35029,Luna County,NM,16811
47099,Lawrence County,TN,15797
51047,Culpeper County,VA,24867
46061,Hanson County,SD,1445
47155,Sevier County,TN,48182
48055,Caldwell County,TX,23987
22097,St. Landry Parish,LA,33026
20125,Montgomery County,KS,14180
37027,Caldwell County,NC,37690
46035,Davison County,SD,11725
31171,Thomas County,NE,177
36075,Oswego County,NY,67909
01027,Clay County,AL,5405
39009,Athens County,OH,33005
37123,Montgomery County,NC,11194
17111,McHenry County,IL,200591
34033,Salem County,NJ,33290
48313,Madison County,TX,5649
40143,Tulsa County,OK,389381
17017,Cass County,IL,7266
51099,King George County,VA,11050
16051,Jefferson County,ID,12347
21237,Wolfe County,KY,3731
13231,Pike County,GA,6034
08027,Custer County,CO,2412
39115,Morgan County,OH,6012
01083,Limestone County,AL,37486
21167,Mercer County,KY,11649
22035,East Carroll Parish,LA,3035
36031,Essex County,NY,25934
45079,Richland County,SC,234738
29057,Dade County,MO,3218
29035,Carter County,MO,1908
38061,Mountrail County,ND,4296
51065,Fluvanna County,VA,16676
51021,Bland County,VA,2413
51800,Suffolk city,VA,47679
06039,Madera County,CA,81326
26045,Eaton County,MI,61436
06083,Santa Barbara County,CA,305418
01079,Lawrence County,AL,15186
17087,Johnson County,IL,6309
41015,Curry County,OR,12472
28019,Choctaw County,MS,2897
29015,Benton County,MO,9120
46083,Lincoln County,SD,34873
29113,Lincoln County,MO,22447
01085,Lowndes County,AL,4725
46077,Kingsbury County,SD,3244
39095,Lucas County,OH,241888
72021,Bayamon Municipio,PR,145770
39099,Mahoning County,OH,127315
51590,Danville city,VA,13498
13049,Charlton County,GA,3298
05019,Clark County,AR,10609
35045,San Juan County,NM,88922
54043,Lincoln County,WV,10147
28005,Amite County,MS,4778
12029,Dixie County,FL,5662
22089,St. Charles Parish,LA,29328
48449,Titus County,TX,12265
45045,Greenville County,SC,279753
48241,Jasper County,TX,12524
24037,St. Mary's County,MD,73147
48423,Smith County,TX,103882
37175,Transylvania County,NC,18484
51095,James City County,VA,41896
28141,Tishomingo County,MS,7303
17071,Henderson County,IL,3146
06071,San Bernardino County,CA,1211671
24001,Allegany County,MD,38428
27125,Red Lake County,MN,2250
36007,Broome County,NY,118761
18159,Tipton County,IN,6685
13145,Harris County,GA,16541
55117,Sheboygan County,WI,69857
21029,Bullitt County,KY,36176
13089,DeKalb County,GA,413471
72045,Comerio Municipio,PR,12818
54071,Pendleton County,WV,4010
51167,Russell County,VA,12234
13127,Glynn County,GA,42747
31185,York County,NE,6988
21055,Crittenden County,KY,3521
24041,Talbot County,MD,26512
56037,Sweetwater County,WY,20384
29205,Shelby County,MO,2725
48181,Grayson County,TX,59579
49055,Wayne County,UT,1460
29111,Lewis County,MO,3254
25015,Hampshire County,MA,105044
23013,Knox County,ME,32610
42011,Berks County,PA,244764
45003,Aiken County,SC,75986
19025,Calhoun County,IA,5615
21141,Logan County,KY,13452
27073,Lac qui Parle County,MN,3815
21021,Boyle County,KY,16662
26003,Alger County,MI,5605
72073,Jayuya Municipio,PR,10660
35037,Quay County,NM,3975
54075,Pocahontas County,WV,4284
12053,Hernando County,FL,104159
01007,Bibb County,AL,7570
19127,Marshall County,IA,25247
18039,Elkhart County,IN,85513
04025,Yavapai County,AZ,107070
26065,Ingham County,MI,163096
35003,Catron County,NM,1591
19173,Taylor County,IA,2832
17011,Bureau County,IL,18586
23031,York County,ME,161087
20167,Russell County,KS,2878
26013,Baraga County,MI,4810
18075,Jay County,IN,7688
39017,Butler County,OH,212358
34023,Middlesex County,NJ,585499
16003,Adams County,ID,1846
40083,Logan County,OK,16428
06053,Monterey County,CA,299945
56045,Weston County,WY,2547
12019,Clay County,FL,115267
01129,Washington County,AL,7315
31087,Hitchcock County,NE,908
27145,Stearns County,MN,91869
21131,Leslie County,KY,5002
08049,Grand County,CO,9736
41053,Polk County,OR,53235
39043,Erie County,OH,43075
06065,Riverside County,CA,1402254
06087,Santa Cruz County,CA,208782
48451,Tom Green County,TX,58945
48179,Gray County,TX,10194
29079,Grundy County,MO,3380
27015,Brown County,MN,16146
29045,Clark County,MO,2051
48261,Kenedy County,TX,217
39073,Hocking County,OH,13320
51069,Frederick County,VA,42119
38027,Eddy County,ND,1168
37051,Cumberland County,NC,195294
26101,Manistee County,MI,14488
47013,Campbell County,TN,16886
21077,Gallatin County,KY,3548
26011,Arenac County,MI,7520
22091,St. Helena Parish,LA,3077
55121,Trempealeau County,WI,19092
19027,Carroll County,IA,12224
01041,Crenshaw County,AL,4622
51025,Brunswick County,VA,8161
21103,Henry County,KY,8468
21239,Woodford County,KY,17305
48337,Montague County,TX,6803
22101,St. Mary Parish,LA,21629
18149,Starke County,IN,8280
72101,Morovis Municipio,PR,20729
26043,Dickinson County,MI,16716
19161,Sac County,IA,5023
55013,Burnett County,WI,8590
48341,Moore County,TX,9164
46011,Brookings County,SD,17713
37031,Carteret County,NC,43105
40035,Craig County,OK,7342
55133,Waukesha County,WI,276697
28069,Kemper County,MS,4343
47081,Hickman County,TN,10458
08105,Rio Grande County,CO,6935
19069,Franklin County,IA,5361
48051,Burleson County,TX,8870
13061,Clay County,GA,1674
13123,Gilmer County,GA,12563
13093,Dooly County,GA,4900
54001,Barbour County,WV,7976
20139,Osage County,KS,7926
22011,Beauregard Parish,LA,13020
29047,Clay County,MO,131341
31013,Box Butte County,NE,3546
37003,Alexander County,NC,16670
54049,Marion County,WV,31265
21189,Owsley County,KY,2042
39143,Sandusky County,OH,30207
31127,Nemaha County,NE,3418
08061,Kiowa County,CO,519
16013,Blaine County,ID,18509
51760,Richmond city,VA,97102
16025,Camas County,ID,469
27029,Clearwater County,MN,3618
01009,Blount County,AL,17821
20171,Scott County,KS,2240
13275,Thomas County,GA,21137
19021,Buena Vista County,IA,12928
26037,Clinton County,MI,44845
12005,Bay County,FL,90548
26159,Van Buren County,MI,42143
49033,Rich County,UT,1236
36091,Saratoga County,NY,178958
28039,George County,MS,9684
30097,Sweet Grass County,MT,1494
28143,Tunica County,MS,4779
51036,Charles City County,VA,5547
56021,Laramie County,WY,54397
55065,Lafayette County,WI,9850
19075,Grundy County,IA,7377
28001,Adams County,MS,16123
19157,Poweshiek County,IA,10657
13303,Washington County,GA,8754
31099,Kearney County,NE,2979
51103,Lancaster County,VA,6320
31011,Boone County,NE,2492
55107,Rusk County,WI,5710
31023,Butler County,NE,4010
48355,Nueces County,TX,202410
42025,Carbon County,PA,37721
27101,Murray County,MN,4385
37157,Rockingham County,NC,44265
42015,Bradford County,PA,25064
51015,Augusta County,VA,36449
31045,Dawes County,NE,3226
47063,Hamblen County,TN,26971
26135,Oscoda County,MI,3405
40099,Murray County,OK,6167
20205,Wilson County,KS,3626
31079,Hall County,NE,28952
35051,Sierra County,NM,6993
33013,Merrimack County,NH,101945
35017,Grant County,NM,18206
48383,Reagan County,TX,1470
20089,Jewell County,KS,1313
32007,Elko County,NV,21507
40067,Jefferson County,OK,2455
21087,Green County,KY,4662
38009,Bottineau County,ND,3112
13307,Webster County,GA,1132
54009,Brooke County,WV,10815
08017,Cheyenne County,CO,593
29053,Cooper County,MO,7696
12013,Calhoun County,FL,4810
39089,Licking County,OH,94703
36073,Orleans County,NY,21753
UNK,Unknown County,AK,15759
56011,Crook County,WY,2263
22125,West Feliciana Parish,LA,13515
34015,Gloucester County,NJ,176001
36055,Monroe County,NY,524446
08089,Otero County,CO,8773
20159,Rice County,KS,4051
17171,Scott County,IL,2055
13281,Towns County,GA,5769
23025,Somerset County,ME,30380
13109,Evans County,GA,4230
05133,Sevier County,AR,7492
16039,Elmore County,ID,13077
40153,Woodward County,OK,7501
21235,Whitley County,KY,15641
23027,Waldo County,ME,27565
13297,Walton County,GA,37971
31149,Rock County,NE,492
27079,Le Sueur County,MN,13735
13167,Johnson County,GA,3329
37059,Davie County,NC,23689
17201,Winnebago County,IL,158992
31125,Nance County,NE,997
55057,Juneau County,WI,13935
72007,Aguas Buenas Municipio,PR,17807
48351,Newton County,TX,3352
16069,Nez Perce County,ID,21865
28047,Harrison County,MS,111041
20185,Stafford County,KS,1875
19097,Jackson County,IA,10124
51005,Alleghany County,VA,5836
30063,Missoula County,MT,75741
27045,Fillmore County,MN,14151
48371,Pecos County,TX,8834
42035,Clinton County,PA,16760
29197,Schuyler County,MO,1186
39165,Warren County,OH,147224
13161,Jeff Davis County,GA,4575
29219,Warren County,MO,14535
13289,Twiggs County,GA,4280
53025,Grant County,WA,53894
48079,Cochran County,TX,1460
55103,Richland County,WI,9935
46063,Harding County,SD,241
19131,Mitchell County,IA,5077
21063,Elliott County,KY,2606
31167,Stanton County,NE,1656
48473,Waller County,TX,22400
UNK,Unknown County,NM,43488
22077,Pointe Coupee Parish,LA,11752
22007,Assumption Parish,LA,9261
30031,Gallatin County,MT,66169
33001,Belknap County,NH,37330
29105,Laclede County,MO,13126
21097,Harrison County,KY,9258
54085,Ritchie County,WV,4620
21225,Union County,KY,5865
05139,Union County,AR,18360
28071,Lafayette County,MS,29082
48387,Red River County,TX,4879
53039,Klickitat County,WA,10452
38025,Dunn County,ND,1047
26103,Marquette County,MI,41862
19045,Clinton County,IA,24838
06009,Calaveras County,CA,24102
20045,Douglas County,KS,73255
48035,Bosque County,TX,8474
21011,Bath County,KY,6542
30087,Rosebud County,MT,7404
30011,Carter County,MT,380
19037,Chickasaw County,IA,6420
54083,Randolph County,WV,15337
24025,Harford County,MD,172134
56023,Lincoln County,WY,8370
46091,Marshall County,SD,2516
13205,Mitchell County,GA,10083
55025,Dane County,WI,443638
42051,Fayette County,PA,71802
51013,Arlington County,VA,165789
06055,Napa County,CA,103428
13051,Chatham County,GA,158405
30049,Lewis and Clark County,MT,40370
31053,Dodge County,NE,19236
01015,Calhoun County,AL,51933
12119,Sumter County,FL,104256
29003,Andrew County,MO,6572
20153,Rawlins County,KS,1066
18053,Grant County,IN,26820
08037,Eagle County,CO,44396
05021,Clay County,AR,6475
02198,Prince of Wales-Hyder Census Area,AK,3294
31081,Hamilton County,NE,4195
12117,Seminole County,FL,285705
26007,Alpena County,MI,15507
22009,Avoyelles Parish,LA,18125
UNK,Unknown County,IL,155838
72029,Canovanas Municipio,PR,32358
40057,Harmon County,OK,1264
40059,Harper County,OK,1627
48319,Mason County,TX,1996
01029,Cleburne County,AL,4179
39061,Hamilton County,OH,501016
16011,Bingham County,ID,21767
26095,Luce County,MI,2721
08099,Prowers County,CO,5064
26165,Wexford County,MI,16931
42111,Somerset County,PA,34559
13059,Clarke County,GA,58372
27019,Carver County,MN,69038
01089,Madison County,AL,224068
39053,Gallia County,OH,13594
13027,Brooks County,GA,7249
06099,Stanislaus County,CA,282779
18035,Delaware County,IN,53926
49015,Emery County,UT,4415
21127,Lawrence County,KY,7203
13183,Long County,GA,4021
48289,Leon County,TX,6103
36041,Hamilton County,NY,3639
17001,Adams County,IL,33977
18157,Tippecanoe County,IN,109922
12105,Polk County,FL,401440
31071,Garfield County,NE,577
21037,Campbell County,KY,57551
48357,Ochiltree County,TX,3691
29023,Butler County,MO,14257
51121,Montgomery County,VA,45035
31141,Platte County,NE,15234
39067,Harrison County,OH,6353
40149,Washita County,OK,4165
42115,Susquehanna County,PA,18241
42065,Jefferson County,PA,20539
46047,Fall River County,SD,4086
24005,Baltimore County,MD,572186
42079,Luzerne County,PA,197339
48499,Wood County,TX,19116
12011,Broward County,FL,1355479
01057,Fayette County,AL,5570
22053,Jefferson Davis Parish,LA,11247
01031,Coffee County,AL,23963
48353,Nolan County,TX,6008
18081,Johnson County,IN,90051
51159,Richmond County,VA,3675
46101,Moody County,SD,3129
45025,Chesterfield County,SC,16318
12049,Hardee County,FL,11104
04023,Santa Cruz County,AZ,48648
49017,Garfield County,UT,2759
UNK,Unknown County,ND,30310
39039,Defiance County,OH,18326
47039,Decatur County,TN,4333
37137,Pamlico County,NC,7049
47065,Hamilton County,TN,202410
72123,Salinas Municipio,PR,19635
72059,Guayanilla Municipio,PR,13945
72023,Cabo Rojo Municipio,PR,33713
28115,Pontotoc County,MS,13036
13097,Douglas County,GA,65651
20107,Linn County,KS,3335
26143,Roscommon County,MI,13273
13129,Gordon County,GA,21224
20177,Shawnee County,KS,105812
20001,Allen County,KS,5560
UNK,Unknown County,MS,28087
42029,Chester County,PA,394614
28023,Clarke County,MS,8577
29055,Crawford County,MO,7803
49023,Juab County,UT,4347
40127,Pushmataha County,OK,3893
39003,Allen County,OH,43431
31169,Thayer County,NE,2347
21027,Breckinridge County,KY,9741
36085,Richmond County,NY,340094
05053,Grant County,AR,8181
53009,Clallam County,WA,51868
21065,Estill County,KY,7100
54107,Wood County,WV,47898
47139,Polk County,TN,6800
12129,Wakulla County,FL,14792
22003,Allen Parish,LA,8979
39047,Fayette County,OH,12106
29067,Douglas County,MO,3127
28151,Washington County,MS,21439
48081,Coke County,TX,1540
26091,Lenawee County,MI,50606
72037,Ceiba Municipio,PR,7899
37055,Dare County,NC,27181
39155,Trumbull County,OH,105909
05071,Johnson County,AR,12711
28079,Leake County,MS,10670
13177,Lee County,GA,13484
40089,McCurtain County,OK,11393
02261,Valdez-Cordova Census Area,AK,5340
13229,Pierce County,GA,6367
05029,Conway County,AR,10973
28137,Tate County,MS,12370
40095,Marshall County,OK,7357
12061,Indian River County,FL,104874
UNK,Unknown County,DE,25059
21213,Simpson County,KY,9123
37045,Cleveland County,NC,47400
27117,Pipestone County,MN,4867
12121,Suwannee County,FL,16540
51820,Waynesboro city,VA,9690
22113,Vermilion Parish,LA,22082
48089,Colorado County,TX,11119
27151,Swift County,MN,5221
26151,Sanilac County,MI,17227
27089,Marshall County,MN,4587
39093,Lorain County,OH,191745
01017,Chambers County,AL,10096
13099,Early County,GA,4872
18169,Wabash County,IN,12478
08057,Jackson County,CO,616
06005,Amador County,CA,20600
39059,Guernsey County,OH,16889
12087,Monroe County,FL,56707
12095,Orange County,FL,937577
47183,Weakley County,TN,12331
39147,Seneca County,OH,26342
37019,Brunswick County,NC,86193
72005,Aguadilla Municipio,PR,38774
18137,Ripley County,IN,13302
01095,Marshall County,AL,42996
36099,Seneca County,NY,17858
05055,Greene County,AR,18987
47059,Greene County,TN,31274
55063,La Crosse County,WI,79699
27063,Jackson County,MN,4906
48153,Floyd County,TX,2539
19149,Plymouth County,IA,12946
31137,Phelps County,NE,3470
24033,Prince George's County,MD,641770
48277,Lamar County,TX,19357
13225,Peach County,GA,12198
27123,Ramsey County,MN,380659
12093,Okeechobee County,FL,18969
19047,Crawford County,IA,8853
21159,Martin County,KY,5940
53035,Kitsap County,WA,182226
12037,Franklin County,FL,5733
48167,Galveston County,TX,200303
72151,Yabucoa Municipio,PR,23536
21203,Rockcastle County,KY,6501
21117,Kenton County,KY,98169
37163,Sampson County,NC,31477
06025,Imperial County,CA,150758
54011,Cabell County,WV,54183
51017,Bath County,VA,1781
48421,Sherman County,TX,1016
55051,Iron County,WI,3703
48129,Donley County,TX,1105
48169,Garza County,TX,3213
47179,Washington County,TN,75283
21081,Grant County,KY,11921
28033,DeSoto County,MS,97084
26105,Mason County,MI,17320
38065,Oliver County,ND,493
26027,Cass County,MI,21881
45027,Clarendon County,SC,15784
42061,Huntingdon County,PA,22478
54039,Kanawha County,WV,114582
35049,Santa Fe County,NM,118244
20165,Rush County,KS,1498
38055,McLean County,ND,4308
24017,Charles County,MD,109867
31121,Merrick County,NE,3292
33003,Carroll County,NH,34973
40037,Creek County,OK,30488
56013,Fremont County,WY,23097
51073,Gloucester County,VA,22857
51678,Lexington city,VA,2923
51031,Campbell County,VA,21670
54077,Preston County,WV,18226
01123,Tallapoosa County,AL,15213
20069,Gray County,KS,2646
55125,Vilas County,WI,14310
13257,Stephens County,GA,10391
47049,Fentress County,TN,6131
20169,Saline County,KS,26546
47017,Carroll County,TN,13099
54053,Mason County,WV,12751
27025,Chisago County,MN,31630
13065,Clinch County,GA,2574
47113,Madison County,TN,51951
53003,Asotin County,WA,9112
05099,Nevada County,AR,3511
32031,Washoe County,NV,294866
08021,Conejos County,CO,3944
31041,Custer County,NE,4028
56005,Campbell County,WY,13919
UNK,Unknown County,UT,48298
35057,Torrance County,NM,7275
48273,Kleberg County,TX,18150
31111,Lincoln County,NE,11239
48457,Tyler County,TX,7680
19019,Buchanan County,IA,11108
20063,Gove County,KS,1247
47141,Putnam County,TN,39977
48503,Young County,TX,7337
39041,Delaware County,OH,154188
51690,Martinsville city,VA,0
17131,Mercer County,IL,9253
26117,Montcalm County,MI,26500
29109,Lawrence County,MO,14206
20193,Thomas County,KS,3156
18055,Greene County,IN,12859
24047,Worcester County,MD,36392
47169,Trousdale County,TN,4035
48389,Reeves County,TX,8109
17107,Logan County,IL,15251
55069,Lincoln County,WI,14941
19159,Ringgold County,IA,2521
42045,Delaware County,PA,404888
17019,Champaign County,IL,133855
28149,Warren County,MS,25430
42093,Montour County,PA,13971
18029,Dearborn County,IN,29640
34037,Sussex County,NJ,85746
35033,Mora County,NM,2854
41011,Coos County,OR,36212
38103,Wells County,ND,1648
39097,Madison County,OH,22267
08045,Garfield County,CO,37791
44005,Newport County,RI,59648
29165,Platte County,MO,57857
27137,St. Louis County,MN,129968
55119,Taylor County,WI,7076
50023,Washington County,VT,27025
24029,Kent County,MD,12757
01101,Montgomery County,AL,113822
51109,Louisa County,VA,15410
08121,Washington County,CO,1476
30005,Blaine County,MT,5401
22041,Franklin Parish,LA,7192
06081,San Mateo County,CA,626694
45017,Calhoun County,SC,5770
48175,Goliad County,TX,3193
18023,Clinton County,IN,15122
02090,Fairbanks North Star Borough,AK,53520
17125,Mason County,IL,6999
40091,McIntosh County,OK,10440
31173,Thurston County,NE,4912
22119,Webster Parish,LA,16011
46127,Union County,SD,8011
13209,Montgomery County,GA,3210
50001,Addison County,VT,25673
42119,Union County,PA,25201
08041,El Paso County,CO,448994
37121,Mitchell County,NC,7283
39079,Jackson County,OH,14927
53017,Douglas County,WA,26084
28121,Rankin County,MS,77910
19133,Monona County,IA,4559
26129,Ogemaw County,MI,9306
27121,Pope County,MN,6296
19193,Woodbury County,IA,56440
47165,Sumner County,TN,89400
01087,Macon County,AL,8347
30053,Lincoln County,MT,6867
40137,Stephens County,OK,19939
26083,Keweenaw County,MI,1214
39163,Vinton County,OH,5068
05025,Cleveland County,AR,4061
37063,Durham County,NC,220610
06003,Alpine County,CA,0
55137,Waushara County,WI,10727
40085,Love County,OK,4217
41019,Douglas County,OR,57411
27003,Anoka County,MN,204601
19113,Linn County,IA,147998
29049,Clinton County,MO,9418
27095,Mille Lacs County,MN,14774
51153,Prince William County,VA,328956
29077,Greene County,MO,141149
29143,New Madrid County,MO,5568
20055,Finney County,KS,16366
48123,DeWitt County,TX,8863
19011,Benton County,IA,14671
24021,Frederick County,MD,193580
48217,Hill County,TX,14699
13217,Newton County,GA,45531
42039,Crawford County,PA,40480
48339,Montgomery County,TX,321445
40021,Cherokee County,OK,22539
72143,Vega Alta Municipio,PR,23268
13101,Echols County,GA,1214
42027,Centre County,PA,94743
72121,Sabana Grande Municipio,PR,17618
47069,Hardeman County,TN,11286
12003,Baker County,FL,10328
13207,Monroe County,GA,11415
38069,Pierce County,ND,1779
21089,Greenup County,KY,17868
19151,Pocahontas County,IA,3391
53067,Thurston County,WA,192745
19017,Bremer County,IA,14700
48109,Culberson County,TX,1116
21215,Spencer County,KY,5604
21143,Lyon County,KY,4719
37079,Greene County,NC,12608
29103,Knox County,MO,1532
37077,Granville County,NC,36316
36027,Dutchess County,NY,200142
37173,Swain County,NC,7901
28057,Itawamba County,MS,7938
51610,Falls Church city,VA,8025
26051,Gladwin County,MI,11949
17145,Perry County,IL,10389
17061,Greene County,IL,5575
12131,Walton County,FL,35522
55029,Door County,WI,21248
45091,York County,SC,134476
37135,Orange County,NC,112671
48255,Karnes County,TX,8686
21115,Johnson County,KY,10903
48323,Maverick County,TX,50335
29131,Miller County,MO,8388
27011,Big Stone County,MN,3078
51035,Carroll County,VA,9701
01071,Jackson County,AL,24652
19049,Dallas County,IA,61091
UNK,Unknown County,SD,17274
29121,Macon County,MO,5929
42013,Blair County,PA,62091
50011,Franklin County,VT,17936
37167,Stanly County,NC,26255
37171,Surry County,NC,36238
55003,Ashland County,WI,10744
55031,Douglas County,WI,18476
48259,Kendall County,TX,28599
12057,Hillsborough County,FL,896784
19083,Hardin County,IA,9273
20203,Wichita County,KS,1056
02195,Petersburg Census Area,AK,2387
41063,Wallowa County,OR,4181
27157,Wabasha County,MN,15525
UNK,Unknown County,FL,190583
30035,Glacier County,MT,11353
17155,Putnam County,IL,3291
30043,Jefferson County,MT,6043
45013,Beaufort County,SC,122706
17175,Stark County,IL,2796
21061,Edmonson County,KY,4108
48461,Upton County,TX,1469
05001,Arkansas County,AR,9492
19029,Cass County,IA,7321
10003,New Castle County,DE,370231
30075,Powder River County,MT,369
09009,New Haven County,CT,641608
39141,Ross County,OH,37809
31101,Keith County,NE,2946
27007,Beltrami County,MN,30541
48445,Terry County,TX,5054
50009,Essex County,VT,2431
38007,Billings County,ND,194
40087,McClain County,OK,18912
35047,San Miguel County,NM,17890
47101,Lewis County,TN,4277
48307,McCulloch County,TX,3017
72071,Isabela Municipio,PR,28768
66010,Guam,GU,98407
08011,Bent County,CO,1444
05123,St. Francis County,AR,12106
18043,Floyd County,IN,43578
31083,Harlan County,NE,1331
48083,Coleman County,TX,2952
54103,Wetzel County,WV,8486
32023,Nye County,NV,21077
02020,Anchorage Municipality,AK,178525
48393,Roberts County,TX,288
13311,White County,GA,10778
72131,San Sebastian Municipio,PR,30098
39011,Auglaize County,OH,17665
20129,Morton County,KS,1052
46009,Bon Homme County,SD,3868
13213,Murray County,GA,14469
26001,Alcona County,MI,5976
13187,Lumpkin County,GA,11313
13055,Chattooga County,GA,9200
55023,Crawford County,WI,9254
41029,Jackson County,OR,125767
54007,Braxton County,WV,6126
38083,Sheridan County,ND,476
55129,Washburn County,WI,9729
48127,Dimmit County,TX,6961
20015,Butler County,KS,31522
28073,Lamar County,MS,36658
13069,Coffee County,GA,15628
19081,Hancock County,IA,5177
32033,White Pine County,NV,4920
47119,Maury County,TN,60354
23017,Oxford County,ME,38616
41005,Clackamas County,OR,281451
02240,Southeast Fairbanks Census Area,AK,2530
37133,Onslow County,NC,116564
55005,Barron County,WI,23664
42017,Bucks County,PA,439877
27147,Steele County,MN,21770
02188,Northwest Arctic Borough,AK,4380
46123,Tripp County,SD,2388
29027,Callaway County,MO,20649
28031,Covington County,MS,9275
13133,Greene County,GA,9717
29167,Polk County,MO,12281
21083,Graves County,KY,16449
72075,Juana Diaz Municipio,PR,32585
06047,Merced County,CA,132090
05075,Lawrence County,AR,7489
12071,Lee County,FL,465436
21109,Jackson County,KY,4720
37103,Jones County,NC,4927
UNK,Unknown County,LA,77498
26005,Allegan County,MI,60113
27031,Cook County,MN,4323
31161,Sheridan County,NE,1629
72027,Camuy Municipio,PR,23086
37017,Bladen County,NC,19984
48477,Washington County,TX,17739
36115,Washington County,NY,39850
51191,Washington County,VA,30129
31089,Holt County,NE,4178
48469,Victoria County,TX,43685
41055,Sherman County,OR,1014
19035,Cherokee County,IA,5832
17057,Fulton County,IL,19390
18063,Hendricks County,IN,119342
19103,Johnson County,IA,107615
05007,Benton County,AR,144842
29225,Webster County,MO,16425
13299,Ware County,GA,13355
48369,Parmer County,TX,3796
13269,Taylor County,GA,3571
26071,Iron County,MI,6159
25019,Nantucket County,MA,0
41043,Linn County,OR,70347
51133,Northumberland County,VA,6453
16023,Butte County,ID,1238
19145,Page County,IA,7905
37053,Currituck County,NC,15794
51650,Hampton city,VA,80306
38071,Ramsey County,ND,6425
13021,Bibb County,GA,68103
47163,Sullivan County,TN,87041
32029,Storey County,NV,881
29031,Cape Girardeau County,MO,37518
18165,Vermillion County,IN,7092
13273,Terrell County,GA,4829
28027,Coahoma County,MS,10984
40023,Choctaw County,OK,5020
48443,Terrell County,TX,402
13163,Jefferson County,GA,8104
02110,Juneau City and Borough,AK,23032
72093,Maricao Municipio,PR,3699
31059,Fillmore County,NE,2810
20053,Ellsworth County,KS,3259
16079,Shoshone County,ID,5437
55097,Portage County,WI,42994
45087,Union County,SC,11072
40145,Wagoner County,OK,37262
47075,Haywood County,TN,8787
UNK,Unknown County,PR,104959
17123,Marshall County,IL,6460
13081,Crisp County,GA,9490
35061,Valencia County,NM,43944
29145,Newton County,MO,14635
13003,Atkinson County,GA,3133
26127,Oceana County,MI,14044
29207,Stoddard County,MO,11240
08013,Boulder County,CO,251412
31109,Lancaster County,NE,207437
38039,Griggs County,ND,1023
48249,Jim Wells County,TX,21221
17047,Edwards County,IL,2530
55027,Dodge County,WI,44603
31155,Saunders County,NE,11028
47135,Perry County,TN,3213
21003,Allen County,KY,8206
37185,Warren County,NC,10665
21137,Lincoln County,KY,9787
21183,Ohio County,KY,9298
21053,Clinton County,KY,4028
27107,Norman County,MN,3763
72085,Las Piedras Municipio,PR,26015
37087,Haywood County,NC,34825
45021,Cherokee County,SC,19223
40009,Beckham County,OK,8764
41021,Gilliam County,OR,844
35043,Sandoval County,NM,102118
48437,Swisher County,TX,2933
37199,Yancey County,NC,9104
36093,Schenectady County,NY,110388
53007,Chelan County,WA,53087
13019,Berrien County,GA,6302
37025,Cabarrus County,NC,119054
56003,Big Horn County,WY,4551
27071,Koochiching County,MN,7049
47053,Gibson County,TN,21689
37115,Madison County,NC,12144
13285,Troup County,GA,25035
40043,Dewey County,OK,1214
30057,Madison County,MT,3755
16035,Clearwater County,ID,3634
16059,Lemhi County,ID,3678
48059,Callahan County,TX,5629
27055,Houston County,MN,10816
05077,Lee County,AR,2876
16029,Caribou County,ID,2789
19039,Clarke County,IA,5030
05081,Little River County,AR,4704
12097,Osceola County,FL,264487
18025,Crawford County,IN,3851
37153,Richmond County,NC,20791
36053,Madison County,NY,42517
53053,Pierce County,WA,565679
31063,Frontier County,NE,705
13095,Dougherty County,GA,41703
16063,Lincoln County,ID,2150
28107,Panola County,MS,15813
29039,Cedar County,MO,4506
38013,Burke County,ND,818
40077,Latimer County,OK,3357
19197,Wright County,IA,7042
46037,Day County,SD,3421
21145,McCracken County,KY,35550
72117,Rincon Municipio,PR,10084
47117,Marshall County,TN,14297
08107,Routt County,CO,19135
12109,St. Johns County,FL,182607
05009,Boone County,AR,13649
42099,Perry County,PA,21819
13185,Lowndes County,GA,45550
51790,Staunton city,VA,11607
21135,Lewis County,KY,5004
30061,Mineral County,MT,2337
48107,Crosby County,TX,2477
31093,Howard County,NE,2663
26121,Muskegon County,MI,93063
04017,Navajo County,AZ,79147
13215,Muscogee County,GA,84300
08007,Archuleta County,CO,7900
17135,Montgomery County,IL,14311
36015,Chemung County,NY,48860
18153,Sullivan County,IN,10023
32027,Pershing County,NV,2361
72063,Gurabo Municipio,PR,30238
19155,Pottawattamie County,IA,51978
48285,Lavaca County,TX,8198
38041,Hettinger County,ND,964
38019,Cavalier County,ND,2226
29083,Henry County,MO,9807
20013,Brown County,KS,5631
12103,Pinellas County,FL,617198
38011,Bowman County,ND,1151
22049,Jackson Parish,LA,6548
39121,Noble County,OH,6089
47107,McMinn County,TN,20982
55087,Outagamie County,WI,117628
48415,Scurry County,TX,7720
48063,Camp County,TX,5103
40027,Cleveland County,OK,152687
24015,Cecil County,MD,57859
12123,Taylor County,FL,8447
28075,Lauderdale County,MS,36940
12091,Okaloosa County,FL,130426
34005,Burlington County,NJ,321047
UNK,Unknown County,MD,80966
40111,Okmulgee County,OK,16022
47055,Giles County,TN,11273
51199,York County,VA,44544
41049,Morrow County,OR,6252
40001,Adair County,OK,7698
13261,Sumter County,GA,14883
28155,Webster County,MS,4555
28009,Benton County,MS,4141
21211,Shelby County,KY,22389
27131,Rice County,MN,41167
19141,O'Brien County,IA,6802
26163,Wayne County,MI,911313
37179,Union County,NC,129084
27069,Kittson County,MN,2480
28163,Yazoo County,MS,14076
30105,Valley County,MT,3353
12065,Jefferson County,FL,8342
37147,Pitt County,NC,94320
21041,Carroll County,KY,4826
47025,Claiborne County,TN,13680
13105,Elbert County,GA,7859
42063,Indiana County,PA,37479
26111,Midland County,MI,47859
19111,Lee County,IA,16827
48405,San Augustine County,TX,3257
46029,Codington County,SD,14897
55085,Oneida County,WI,22765
46005,Beadle County,SD,8799
20119,Meade County,KS,1585
40049,Garvin County,OK,12567
48343,Morris County,TX,5150
29085,Hickory County,MO,3580
21039,Carlisle County,KY,1893
25005,Bristol County,MA,357778
01043,Cullman County,AL,31354
32001,Churchill County,NV,12889
30015,Chouteau County,MT,1818
46121,Todd County,SD,6455
16009,Benewah County,ID,4616
19147,Palo Alto County,IA,4425
47131,Obion County,TN,11985
20157,Republic County,KS,2323
48231,Hunt County,TX,41145
51081,Greensville County,VA,4003
01113,Russell County,AL,22656
06061,Placer County,CA,260951
18173,Warrick County,IN,38561
13179,Liberty County,GA,36488
46045,Edmunds County,SD,1707
18027,Daviess County,IN,10796
20007,Barber County,KS,2031
20127,Morris County,KS,3080
38017,Cass County,ND,107883
54091,Taylor County,WV,7777
UNK,Unknown County,NE,114194
72039,Ciales Municipio,PR,12865
UNK,Unknown County,NV,91568
46111,Sanborn County,SD,1265
55135,Waupaca County,WI,27084
02130,Ketchikan Gateway Borough,AK,8635
40113,Osage County,OK,15893
34011,Cumberland County,NJ,74067
56027,Niobrara County,WY,724
31025,Cass County,NE,15714
21197,Powell County,KY,6326
51169,Scott County,VA,11904
UNK,Unknown County,OH,95651
48143,Erath County,TX,15717
42101,Philadelphia County,PA,1031625
32003,Clark County,NV,1255922
19099,Jasper County,IA,21304
13153,Houston County,GA,77720
20029,Cloud County,KS,4104
49035,Salt Lake County,UT,770026
01059,Franklin County,AL,13347
12133,Washington County,FL,8096
19119,Lyon County,IA,4728
48047,Brooks County,TX,4286
48395,Robertson County,TX,7390
51510,Alexandria city,VA,98386
17139,Moultrie County,IL,6203
46051,Grant County,SD,3340
36013,Chautauqua County,NY,73188
31103,Keya Paha County,NE,221
72041,Cidra Municipio,PR,28756
48311,McMullen County,TX,335
48157,Fort Bend County,TX,565498
31035,Clay County,NE,2519
13211,Morgan County,GA,8543
28161,Yalobusha County,MS,7732
19093,Ida County,IA,3299
28103,Noxubee County,MS,5615
31113,Logan County,NE,160
27097,Morrison County,MN,16002
35041,Roosevelt County,NM,6825
40079,Le Flore County,OK,18870
72083,Las Marias Municipio,PR,6806
39159,Union County,OH,35869
30013,Cascade County,MT,43142
45049,Hampton County,SC,12025
20081,Haskell County,KS,1486
09001,Fairfield County,CT,744667
04001,Apache County,AZ,66608
08067,La Plata County,CO,38931
05127,Scott County,AR,4822
06073,San Diego County,CA,2251382
UNK,Unknown County,FM,44058
18139,Rush County,IN,7636
37183,Wake County,NC,786488
42095,Northampton County,PA,202211
47029,Cocke County,TN,17531
32017,Lincoln County,NV,1943
45089,Williamsburg County,SC,16837
18045,Fountain County,IN,7461
31139,Pierce County,NE,2608
06023,Humboldt County,CA,87002
01119,Sumter County,AL,6103
39023,Clark County,OH,69304
05049,Fulton County,AR,3960
45067,Marion County,SC,14526
27153,Todd County,MN,10281
05097,Montgomery County,AR,3202
19125,Marion County,IA,17309
38093,Stutsman County,ND,10848
02050,Bethel Census Area,AK,11968
55009,Brown County,WI,167178
17015,Carroll County,IL,9004
20195,Trego County,KS,1081
12063,Jackson County,FL,19604
49045,Tooele County,UT,40009
48441,Taylor County,TX,67500
20101,Lane County,KS,640
41047,Marion County,OR,212309
29029,Camden County,MO,20626
27005,Becker County,MN,18254
29123,Madison County,MO,4650
47001,Anderson County,TN,42076
18021,Clay County,IN,14387
47007,Bledsoe County,TN,5368
42047,Elk County,PA,16387
40141,Tillman County,OK,3514
53047,Okanogan County,WA,27994
21075,Fulton County,KY,3405
21105,Hickman County,KY,1594
30095,Stillwater County,MT,3982
47147,Robertson County,TN,36440
51540,Charlottesville city,VA,23648
18073,Jasper County,IN,15421
40039,Custer County,OK,13693
53051,Pend Oreille County,WA,5432
20057,Ford County,KS,14327
31151,Saline County,NE,7222
48093,Comanche County,TX,6157
45061,Lee County,SC,7682
29177,Ray County,MO,8946
28045,Hancock County,MS,20488
48165,Gaines County,TX,4568
19063,Emmet County,IA,4682
08073,Lincoln County,CO,2009
13025,Brantley County,GA,4854
21051,Clay County,KY,8597
17185,Wabash County,IL,5541
17115,Macon County,IL,54115
72141,Utuado Municipio,PR,19512
21107,Hopkins County,KY,22525
26145,Saginaw County,MI,98626
16047,Gooding County,ID,6500
18033,DeKalb County,IN,18039
39077,Huron County,OH,27179
21009,Barren County,KY,19786
33007,Coos County,NH,20802
39151,Stark County,OH,198019
17045,Edgar County,IL,8093
29155,Pemiscot County,MO,4776
24035,Queen Anne's County,MD,32524
51127,New Kent County,VA,11717
UNK,Unknown County,WV,28241
29001,Adair County,MO,11142
29019,Boone County,MO,108893
08063,Kit Carson County,CO,2661
51041,Chesterfield County,VA,195648
31001,Adams County,NE,12892
02275,Wrangell City and Borough,AK,1434
39033,Crawford County,OH,18346
44003,Kent County,RI,126048
09003,Hartford County,CT,655278
48097,Cooke County,TX,15236
13043,Candler County,GA,4433
55071,Manitowoc County,WI,46653
53057,Skagit County,WA,84440
18091,LaPorte County,IN,60012
48331,Milam County,TX,10918
48433,Stonewall County,TX,534
30039,Granite County,MT,1220
39085,Lake County,OH,147163
46017,Buffalo County,SD,1137
38101,Ward County,ND,32594
29117,Livingston County,MO,6434
18037,Dubois County,IN,23972
47185,White County,TN,11351
48329,Midland County,TX,74115
21019,Boyd County,KY,22423
17165,Saline County,IL,11096
12021,Collier County,FL,263185
29021,Buchanan County,MO,32728
20035,Cowley County,KS,16316
13131,Grady County,GA,10497
17161,Rock Island County,IL,83745
22073,Ouachita Parish,LA,67086
13321,Worth County,GA,8154
39051,Fulton County,OH,21578
39013,Belmont County,OH,31592
20017,Chase County,KS,1197
48087,Collingsworth County,TX,936
48065,Carson County,TX,2128
19185,Wayne County,IA,2645
36101,Steuben County,NY,55751
26049,Genesee County,MI,199962
22115,Vernon Parish,LA,25662
26047,Emmet County,MI,23806
17117,Macoupin County,IL,24156
21067,Fayette County,KY,209066
42097,Northumberland County,PA,51087
29099,Jefferson County,MO,97914
56035,Sublette County,WY,3575
37073,Gates County,NC,5886
48483,Wheeler County,TX,2074
26149,St. Joseph County,MI,26944
05111,Poinsett County,AR,10266
13175,Laurens County,GA,21524
40047,Garfield County,OK,29818
26039,Crawford County,MI,7040
08009,Baca County,CO,1385
13191,McIntosh County,GA,5820
22025,Catahoula Parish,LA,3747
27027,Clay County,MN,37089
28081,Lee County,MS,36260
28159,Winston County,MS,8392
29073,Gasconade County,MO,7356
48439,Tarrant County,TX,1150868
55015,Calumet County,WI,27512
23023,Sagadahoc County,ME,28031
17029,Coles County,IL,22586
27165,Watonwan County,MN,6200
55019,Clark County,WI,12712
29061,Daviess County,MO,2652
37039,Cherokee County,NC,15744
12067,Lafayette County,FL,3241
35059,Union County,NM,1777
38057,Mercer County,ND,3116
51155,Pulaski County,VA,14607
45047,Greenwood County,SC,33264
UNK,Unknown County,NY,352737
13149,Heard County,GA,3282
42123,Warren County,PA,18873
26035,Clare County,MI,14068
26107,Mecosta County,MI,17776
08053,Hinsdale County,CO,515
18017,Cass County,IN,16650
40063,Hughes County,OK,5923
20145,Pawnee County,KS,3345
18145,Shelby County,IN,25138
51840,Winchester city,VA,11926
28053,Humphreys County,MS,4575
48375,Potter County,TX,51418
48131,Duval County,TX,6705
48497,Wise County,TX,26625
51093,Isle of Wight County,VA,18894
54055,Mercer County,WV,30639
72111,Penuelas Municipio,PR,14960
48203,Harrison County,TX,26706
UNK,Unknown County,WI,116846
37023,Burke County,NC,41155
06033,Lake County,CA,36950
49003,Box Elder County,UT,27817
06035,Lassen County,CA,11228
46087,McCook County,SD,3108
49047,Uintah County,UT,14481
48117,Deaf Smith County,TX,7762
06067,Sacramento County,CA,1009359
06011,Colusa County,CA,12580
51059,Fairfax County,VA,855247
28049,Hinds County,MS,130421
21177,Muhlenberg County,KY,15234
45029,Colleton County,SC,17777
39035,Cuyahoga County,OH,777365
48403,Sabine County,TX,3817
12039,Gadsden County,FL,25828
20175,Seward County,KS,9432
29173,Ralls County,MO,2865
48505,Zapata County,TX,8343
37093,Hoke County,NC,21386
51683,Manassas city,VA,19638
48397,Rockwall County,TX,59690
41033,Josephine County,OR,43027
28085,Lincoln County,MS,12848
46065,Hughes County,SD,12226
17063,Grundy County,IL,28620
19091,Humboldt County,IA,4678
09005,Litchfield County,CT,133438
26041,Delta County,MI,21786
40013,Bryan County,OK,19676
35027,Lincoln County,NM,11240
08077,Mesa County,CO,74922
48189,Hale County,TX,14136
41007,Clatsop County,OR,26028
31075,Grant County,NE,125
05011,Bradley County,AR,5944
13291,Union County,GA,10947
28007,Attala County,MS,9566
32510,Carson City,NV,34924
45075,Orangeburg County,SC,46448
26141,Presque Isle County,MI,7415
50025,Windham County,VT,28261
27115,Pine County,MN,14081
29169,Pulaski County,MO,25761
72043,Coamo Municipio,PR,27023
22013,Bienville Parish,LA,6301
39005,Ashland County,OH,22604
47167,Tipton County,TN,24275
47019,Carter County,TN,22229
19183,Washington County,IA,12210
06101,Sutter County,CA,56852
27171,Wright County,MN,73646
48279,Lamb County,TX,5410
29186,Ste. Genevieve County,MO,7880
36049,Lewis County,NY,13390
54109,Wyoming County,WV,10561
18069,Huntington County,IN,17942
21023,Bracken County,KY,3825
18121,Parke County,IN,6586
13159,Jasper County,GA,4850
21165,Menifee County,KY,2811
29137,Monroe County,MO,3728
48281,Lampasas County,TX,9802
28101,Newton County,MS,10861
35021,Harding County,NM,365
72105,Naranjito Municipio,PR,21615
72009,Aibonito Municipio,PR,19547
29223,Wayne County,MO,4548
29065,Dent County,MO,5124
55021,Columbia County,WI,37760
54035,Jackson County,WV,14667
35055,Taos County,NM,26340
16037,Custer County,ID,2000
26021,Berrien County,MI,83516
17005,Bond County,IL,8811
41027,Hood River County,OR,19322
27093,Meeker County,MN,10846
28091,Marion County,MS,11031
72087,Loiza Municipio,PR,13394
31157,Scotts Bluff County,NE,14369
18113,Noble County,IN,17945
17089,Kane County,IL,344140
19079,Hamilton County,IA,9137
26153,Schoolcraft County,MI,4439
39139,Richland County,OH,51957
41037,Lake County,OR,3054
02180,Nome Census Area,AK,6762
17177,Stephenson County,IL,26373
21013,Bell County,KY,11633
46013,Brown County,SD,21364
02068,Denali Borough,AK,1065
31085,Hayes County,NE,223
36037,Genesee County,NY,33602
25007,Dukes County,MA,0
36025,Delaware County,NY,24693
28135,Tallahatchie County,MS,5587
46081,Lawrence County,SD,14472
48095,Concho County,TX,1325
72097,Mayaguez Municipio,PR,55482
16077,Power County,ID,3849
35035,Otero County,NM,39688
13227,Pickens County,GA,13333
27163,Washington County,MN,179721
18133,Putnam County,IN,15664
05131,Sebastian County,AR,61617
37151,Randolph County,NC,61426
13305,Wayne County,GA,12289
48373,Polk County,TX,23686
31067,Gage County,NE,9354
01125,Tuscaloosa County,AL,88952
48229,Hudspeth County,TX,3180
17075,Iroquois County,IL,13506
30029,Flathead County,MT,42878
37033,Caswell County,NC,11025
37195,Wilson County,NC,42439
32009,Esmeralda County,NV,354
12085,Martin County,FL,100518
06059,Orange County,CA,2216116
18135,Randolph County,IN,10902
27013,Blue Earth County,MN,40116
29161,Phelps County,MO,19002
18131,Pulaski County,IN,5442
27033,Cottonwood County,MN,6159
24019,Dorchester County,MD,18018
38001,Adams County,ND,1071
48463,Uvalde County,TX,14126
46075,Jones County,SD,636
48293,Limestone County,TX,8523
48019,Bandera County,TX,11436
48245,Jefferson County,TX,124279
06029,Kern County,CA,461113
38021,Dickey County,ND,2532
38045,LaMoure County,ND,1929
45033,Dillon County,SC,13348
16057,Latah County,ID,22952
21179,Nelson County,KY,23429
48247,Jim Hogg County,TX,2819
26015,Barry County,MI,29553
40129,Roger Mills County,OK,1268
38067,Pembina County,ND,3726
72115,Quebradillas Municipio,PR,18475
48425,Somervell County,TX,4071
55033,Dunn County,WI,21744
31165,Sioux County,NE,280
56015,Goshen County,WY,5180
27001,Aitkin County,MN,9193
47149,Rutherford County,TN,174391
40109,Oklahoma County,OK,499786
44009,Washington County,RI,96264
18047,Franklin County,IN,8376
UNK,Unknown County,NJ,397683
28119,Quitman County,MS,3532
51620,Franklin city,VA,0
48191,Hall County,TX,1264
26113,Missaukee County,MI,7197
UNK,Unknown County,MA,549393
27075,Lake County,MN,6997
29091,Howell County,MO,12995
51029,Buckingham County,VA,6657
37145,Person County,NC,21513
46117,Stanley County,SD,1789
48315,Marion County,TX,3897
53033,King County,WA,1777593
01133,Winston County,AL,5091
48227,Howard County,TX,13476
05059,Hot Spring County,AR,14069
18175,Washington County,IN,10993
29097,Jasper County,MO,56059
38005,Benson County,ND,3465
30099,Teton County,MT,2512
42075,Lebanon County,PA,76454
48269,King County,TX,0
51077,Grayson County,VA,6220
48335,Mitchell County,TX,2994
53075,Whitman County,WA,22847
39127,Perry County,OH,14436
40005,Atoka County,OK,4790
17073,Henry County,IL,28830
45019,Charleston County,SC,261585
28109,Pearl River County,MS,25827
02158,Kusilvak Census Area,AK,5470
56001,Albany County,WY,21451
29171,Putnam County,MO,1533
22095,St. John the Baptist Parish,LA,24813
22103,St. Tammany Parish,LA,144700
39075,Holmes County,OH,7813
18147,Spencer County,IN,8818
13245,Richmond County,GA,97204
18015,Carroll County,IN,7024
47109,McNairy County,TN,11908
37119,Mecklenburg County,NC,677092
15009,Maui County,HI,0
28051,Holmes County,MS,9616
20137,Norton County,KS,2776
51117,Mecklenburg County,VA,12737
40055,Greer County,OK,2059
28157,Wilkinson County,MS,5496
48029,Bexar County,TX,1344670
27113,Pennington County,MN,7399
48345,Motley County,TX,344
24045,Wicomico County,MD,55666
21069,Fleming County,KY,7310
51019,Bedford County,VA,34650
20187,Stanton County,KS,994
12101,Pasco County,FL,317958
20079,Harvey County,KS,15611
55043,Grant County,WI,27694
26019,Benzie County,MI,10989
48041,Brazos County,TX,115161
39113,Montgomery County,OH,293146
56031,Platte County,WY,3405
31027,Cedar County,NE,3363
UNK,Unknown County,SC,196028
72133,Santa Isabel Municipio,PR,14784
49043,Summit County,UT,35840
05033,Crawford County,AR,28199
20109,Logan County,KS,1289
37001,Alamance County,NC,96255
24031,Montgomery County,MD,882519
28043,Grenada County,MS,10592
40121,Pittsburg County,OK,19189
18095,Madison County,IN,66171
UNK,Unknown County,RI,81266
24023,Garrett County,MD,14109
29005,Atchison County,MO,2802
17159,Richland County,IL,7277
47073,Hawkins County,TN,24592
28083,Leflore County,MS,16930
31129,Nuckolls County,NE,2016
31009,Blaine County,NE,115
72017,Barceloneta Municipio,PR,16628
47157,Shelby County,TN,502231
54017,Doddridge County,WV,4937
39069,Henry County,OH,14319
36043,Herkimer County,NY,35456
13001,Appling County,GA,6427
01025,Clarke County,AL,11796
48119,Delta County,TX,1855
16065,Madison County,ID,21049
47171,Unicoi County,TN,9470
06105,Trinity County,CA,0
20073,Greenwood County,KS,2880
72107,Orocovis Municipio,PR,16404
39107,Mercer County,OH,15433
20093,Kearny County,KS,1991
48287,Lee County,TX,7956
27057,Hubbard County,MN,9951
29187,St. Francois County,MO,28549
18127,Porter County,IN,94211
20103,Leavenworth County,KS,46458
36019,Clinton County,NY,56991
30023,Deer Lodge County,MT,5199
46015,Brule County,SD,2834
13085,Dawson County,GA,10167
31057,Dundy County,NE,610
26033,Chippewa County,MI,25451
UNK,Unknown County,WA,207620
05113,Polk County,AR,6817
13117,Forsyth County,GA,126507
42057,Fulton County,PA,5063
39045,Fairfield County,OH,88381
36021,Columbia County,NY,43210
23011,Kennebec County,ME,85733
47023,Chester County,TN,6032
55059,Kenosha County,WI,98381
49031,Piute County,UT,575
47011,Bradley County,TN,43916
19121,Madison County,IA,8657
45053,Jasper County,SC,10969
18119,Owen County,IN,8638
21099,Hart County,KY,6626
22099,St. Martin Parish,LA,20964
01065,Hale County,AL,8731
35013,Dona Ana County,NM,156837
28061,Jasper County,MS,8034
54027,Hampshire County,WV,10414
34035,Somerset County,NJ,242893
39049,Franklin County,OH,824002
08031,Denver County,CO,537686
27141,Sherburne County,MN,43234
39167,Washington County,OH,32555
51185,Tazewell County,VA,17248
06045,Mendocino County,CA,57071
51111,Lunenburg County,VA,5876
33017,Strafford County,NH,81910
48001,Anderson County,TX,22274
21187,Owen County,KY,4004
48061,Cameron County,TX,316678
UNK,Unknown County,MI,251840
31049,Deuel County,NE,612
49039,Sanpete County,UT,12183
26123,Newaygo County,MI,21424
47127,Moore County,TN,1393
13063,Clayton County,GA,122156
48013,Atascosa County,TX,25857
39037,Darke County,OH,19683
47151,Scott County,TN,7858
55105,Rock County,WI,109721
02220,Sitka City and Borough,AK,6290
42085,Mercer County,PA,56877
UNK,Unknown County,GU,32508
72089,Luquillo Municipio,PR,11867
45039,Fairfield County,SC,13887
48017,Bailey County,TX,2650
29510,St. Louis city,MO,169659
48303,Lubbock County,TX,146673
28099,Neshoba County,MS,11601
51149,Prince George County,VA,18817
48263,Kent County,TX,284
34021,Mercer County,NJ,250891
30083,Richland County,MT,4154
13295,Walker County,GA,27826
23009,Hancock County,ME,41250
17093,Kendall County,IL,85458
17133,Monroe County,IL,21168
18087,LaGrange County,IN,8757
45081,Saluda County,SC,6037
31181,Webster County,NE,1310
46049,Faulk County,SD,1230
53023,Garfield County,WA,850
36071,Orange County,NY,240448
47095,Lake County,TN,2391
UNK,Unknown County,TX,175495
55075,Marinette County,WI,20835
53015,Cowlitz County,WA,63231
48429,Stephens County,TX,3348
48073,Cherokee County,TX,20064
13071,Colquitt County,GA,17798
38047,Logan County,ND,681
29189,St. Louis County,MO,617458
30067,Park County,MT,9562
17081,Jefferson County,IL,17309
19007,Appanoose County,IA,5745
41039,Lane County,OR,252969
51630,Fredericksburg city,VA,11489
55047,Green Lake County,WI,10339
06041,Marin County,CA,225427
01011,Bullock County,AL,5150
26115,Monroe County,MI,82854
20207,Woodson County,KS,1295
18067,Howard County,IN,38095
27111,Otter Tail County,MN,29016
27169,Winona County,MN,32053
16049,Idaho County,ID,5021
22023,Cameron Parish,LA,1220
38029,Emmons County,ND,1095
45077,Pickens County,SC,57619
21121,Knox County,KY,11097
45005,Allendale County,SC,4900
20071,Greeley County,KS,623
29153,Ozark County,MO,2809
21193,Perry County,KY,15535
37127,Nash County,NC,53272
55093,Pierce County,WI,18387
06013,Contra Costa County,CA,918355
17121,Marion County,IL,16518
31043,Dakota County,NE,12348
37081,Guilford County,NC,319072
27161,Waseca County,MN,10399
17143,Peoria County,IL,107908
40123,Pontotoc County,OK,19075
29013,Bates County,MO,6131
46095,Mellette County,SD,694
54057,Mineral County,WV,13405
48365,Panola County,TX,8643
13201,Miller County,GA,3032
48295,Lipscomb County,TX,1084
21207,Russell County,KY,8013
13035,Butts County,GA,8184
50021,Rutland County,VT,39762
22029,Concordia Parish,LA,7927
42127,Wayne County,PA,30433
48111,Dallam County,TX,3096
50003,Bennington County,VT,15020
UNK,Unknown County,VI,7398
13283,Treutlen County,GA,2333
51131,Northampton County,VA,8122
26081,Kent County,MI,392355
27139,Scott County,MN,100806
31131,Otoe County,NE,8773
13235,Pulaski County,GA,4029
29151,Osage County,MO,5295
72119,Rio Grande Municipio,PR,32934
31015,Boyd County,NE,657
12047,Hamilton County,FL,4896
06069,San Benito County,CA,40099
18005,Bartholomew County,IN,48659
12007,Bradford County,FL,12198
06113,Yolo County,CA,150102
08123,Weld County,CO,192030
30001,Beaverhead County,MT,5030
21173,Montgomery County,KY,12698
42073,Lawrence County,PA,45040
46097,Miner County,SD,1175
42113,Sullivan County,PA,3176
39111,Monroe County,OH,6213
72139,Trujillo Alto Municipio,PR,30712
42049,Erie County,PA,155871
08087,Morgan County,CO,13542
01069,Houston County,AL,44530
48053,Burnet County,TX,25169
20141,Osborne County,KS,1415
48133,Eastland County,TX,6666
36105,Sullivan County,NY,44458
27049,Goodhue County,MN,30209
16043,Fremont County,ID,5714
13247,Rockdale County,GA,44512
20003,Anderson County,KS,3302
21059,Daviess County,KY,53661
37095,Hyde County,NC,3193
17101,Lawrence County,IL,6404
19101,Jefferson County,IA,8623
08093,Park County,CO,8761
19143,Osceola County,IA,2633
05031,Craighead County,AR,48631
47027,Clay County,TN,2165
29107,Lafayette County,MO,14640
39081,Jefferson County,OH,32193
34013,Essex County,NJ,552655
53055,San Juan County,WA,14063
48193,Hamilton County,TX,4327
08091,Ouray County,CO,3178
30033,Garfield County,MT,237
21101,Henderson County,KY,22441
46041,Dewey County,SD,4087
27105,Nobles County,MN,12883
17181,Union County,IL,9207
48213,Henderson County,TX,31707
28025,Clay County,MS,8755
40133,Seminole County,OK,12328
13309,Wheeler County,GA,2026
01105,Perry County,AL,4197
13239,Quitman County,GA,735
72013,Arecibo Municipio,PR,102656
18179,Wells County,IN,11503
34027,Morris County,NJ,371843
47143,Rhea County,TN,13944
55078,Menominee County,WI,3549
39117,Morrow County,OH,14398
37177,Tyrrell County,NC,1930
18111,Newton County,IN,4332
25027,Worcester County,MA,562129
17003,Alexander County,IL,1836
06043,Mariposa County,CA,0
01021,Chilton County,AL,15712
31119,Madison County,NE,15644
13171,Lamar County,GA,6482
37067,Forsyth County,NC,229188
29011,Barton County,MO,3828
26053,Gogebic County,MI,9095
37071,Gaston County,NC,110066
26025,Calhoun County,MI,68102
45069,Marlboro County,SC,11033
37141,Pender County,NC,32145
01045,Dale County,AL,22777
51003,Albemarle County,VA,69807
45043,Georgetown County,SC,33416
29229,Wright County,MO,6412
38033,Golden Valley County,ND,524
48419,Shelby County,TX,8814
26087,Lapeer County,MI,40591
06079,San Luis Obispo County,CA,167511
48147,Fannin County,TX,15328
06095,Solano County,CA,290151
29129,Mercer County,MO,1231
28037,Franklin County,MS,3595
36033,Franklin County,NY,32217
18107,Montgomery County,IN,17109
29181,Ripley County,MO,3776
21045,Casey County,KY,5660
26119,Montmorency County,MI,5008
31097,Johnson County,NE,2684
19165,Shelby County,IA,6649
49011,Davis County,UT,226259
72001,Adjuntas Municipio,PR,12611
53029,Island County,WA,62144
13319,Wilkinson County,GA,4436
34029,Ocean County,NJ,320135
72003,Aguada Municipio,PR,26567
31115,Loup County,NE,195
48237,Jack County,TX,3569
35025,Lea County,NM,30284
UNK,Unknown County,PA,455971
48347,Nacogdoches County,TX,30148
56019,Johnson County,WY,3596
02100,Haines Borough,AK,1719
06051,Mono County,CA,0
12125,Union County,FL,5305
05141,Van Buren County,AR,6771
09011,New London County,CT,204949
02070,Dillingham Census Area,AK,2422
20023,Cheyenne County,KS,1191
21025,Breathitt County,KY,6472
12027,DeSoto County,FL,16950
21219,Todd County,KY,5022
13007,Baker County,GA,1494
20151,Pratt County,KS,4368
21007,Ballard County,KY,2924
37037,Chatham County,NC,44711
12113,Santa Rosa County,FL,96983
13005,Bacon County,GA,3327
46059,Hand County,SD,1527
34017,Hudson County,NJ,500800
40081,Lincoln County,OK,13662
46055,Haakon County,SD,773
29141,Morgan County,MO,7450
36065,Oneida County,NY,139950
55113,Sawyer County,WI,9740
06017,El Dorado County,CA,117986
23019,Penobscot County,ME,105670
06089,Shasta County,CA,87666
05091,Miller County,AR,13087
30007,Broadwater County,MT,2037
47083,Houston County,TN,3472
08025,Crowley County,CO,1288
13197,Marion County,GA,3327
39135,Preble County,OH,17178
21169,Metcalfe County,KY,3967
01049,DeKalb County,AL,23493
21195,Pike County,KY,30017
42131,Wyoming County,PA,15653
36017,Chenango County,NY,28226
42043,Dauphin County,PA,168626
01001,Autauga County,AL,23740
17065,Hamilton County,IL,3097
48377,Presidio County,TX,6688
45037,Edgefield County,SC,15880
12051,Hendry County,FL,19881
20005,Atchison County,KS,7286
29101,Johnson County,MO,22015
20173,Sedgwick County,KS,265211
48301,Loving County,TX,0
38063,Nelson County,ND,2010
UNK,Unknown County,MP,42062
48501,Yoakum County,TX,3407
23005,Cumberland County,ME,253641
35039,Rio Arriba County,NM,29686
19123,Mahaska County,IA,9556
08069,Larimer County,CO,237778
06109,Tuolumne County,CA,29803
48115,Dawson County,TX,4151
12033,Escambia County,FL,172419
55141,Wood County,WI,43877
37193,Wilkes County,NC,31189
31123,Morrill County,NE,1606
13011,Banks County,GA,5720
19087,Henry County,IA,10468
17193,White County,IL,6798
48045,Briscoe County,TX,674
05083,Logan County,AR,9859
51177,Spotsylvania County,VA,59538
17009,Brown County,IL,3412
48417,Shackelford County,TX,1191
53049,Pacific County,WA,12429
31037,Colfax County,NE,4894
48479,Webb County,TX,232590
31031,Cherry County,NE,1908
48367,Parker County,TX,75566
54013,Calhoun County,WV,2395
34003,Bergen County,NJ,699717
16001,Ada County,ID,302606
47137,Pickett County,TN,2179
37139,Pasquotank County,NC,20847
38015,Burleigh County,ND,47553
40151,Woods County,OK,3566
19001,Adair County,IA,3465
05051,Garland County,AR,44143
47087,Jackson County,TN,3984
02105,Hoonah-Angoon Census Area,AK,1512
51685,Manassas Park city,VA,7649
51163,Rockbridge County,VA,10297
38085,Sioux County,ND,2170
13111,Fannin County,GA,10768
13135,Gwinnett County,GA,501048
27059,Isanti County,MN,16915
28015,Carroll County,MS,4009
01107,Pickens County,AL,9525
19181,Warren County,IA,30237
21175,Morgan County,KY,6293
38037,Grant County,ND,511
48209,Hays County,TX,138679
31019,Buffalo County,NE,20126
05013,Calhoun County,AR,1882
16061,Lewis County,ID,1933
20123,Mitchell County,KS,3137
39153,Summit County,OH,334034
51087,Henrico County,VA,179006
21033,Caldwell County,KY,6489
42081,Lycoming County,PA,57570
55045,Green County,WI,23223
17197,Will County,IL,453141
21171,Monroe County,KY,4799
01097,Mobile County,AL,199222
28063,Jefferson County,MS,4771
35015,Eddy County,NM,26515
48225,Houston County,TX,9320
05103,Ouachita County,AR,12389
UNK,Unknown County,OR,64479
37107,Lenoir County,NC,29454
13157,Jackson County,GA,30116
51137,Orange County,VA,15908
28017,Chickasaw County,MS,8035
01075,Lamar County,AL,5914
18183,Whitley County,IN,15668
13087,Decatur County,GA,12576
26069,Iosco County,MI,13925
40017,Canadian County,OK,83634
16031,Cassia County,ID,9255
36077,Otsego County,NY,35927
48411,San Saba County,TX,2173
72057,Guayama Municipio,PR,27373
04005,Coconino County,AZ,107484
01091,Marengo County,AL,10005
22079,Rapides Parish,LA,62539
47123,Monroe County,TN,19682
13195,Madison County,GA,12644
39015,Brown County,OH,17314
39173,Wood County,OH,79404
16073,Owyhee County,ID,4048
UNK,Unknown County,MO,292693
48275,Knox County,TX,1410
48215,Hidalgo County,TX,594499
49051,Wasatch County,UT,19717
17109,McDonough County,IL,14283
13243,Randolph County,GA,3021
12115,Sarasota County,FL,297155
48077,Clay County,TX,4720
41003,Benton County,OR,68266
48125,Dickens County,TX,722
22043,Grant Parish,LA,9283
29203,Shannon County,MO,2431
47175,Van Buren County,TN,3359
55073,Marathon County,WI,79523
30021,Dawson County,MT,3169
22081,Red River Parish,LA,3005
22087,St. Bernard Parish,LA,22356
17157,Randolph County,IL,16345
17195,Whiteside County,IL,31351
05057,Hempstead County,AR,8378
45035,Dorchester County,SC,84363
13277,Tift County,GA,15874
01005,Barbour County,AL,10793
31047,Dawson County,NE,11127
UNK,Unknown County,VA,1252256
17025,Clay County,IL,4980
36123,Yates County,NY,12933
22067,Morehouse Parish,LA,11036
49021,Iron County,UT,23917
54041,Lewis County,WV,8986
48243,Jeff Davis County,TX,1185
05073,Lafayette County,AR,2680
21147,McCreary County,KY,6570
29133,Mississippi County,MO,5583
13221,Oglethorpe County,GA,6334
48135,Ector County,TX,69100
23029,Washington County,ME,22049
48299,Llano County,TX,10949
42091,Montgomery County,PA,612053
13029,Bryan County,GA,20767
38043,Kidder County,ND,803
37187,Washington County,NC,5594
22111,Union Parish,LA,9784
39161,Van Wert County,OH,11978
40045,Ellis County,OK,1319
16033,Clark County,ID,350
47085,Humphreys County,TN,7559
06091,Sierra County,CA,0
08035,Douglas County,CO,252558
02150,Kodiak Island Borough,AK,8168
49057,Weber County,UT,150671
47035,Cumberland County,TN,27744
36005,Bronx County,NY,1006604
20041,Dickinson County,KS,9996
41057,Tillamook County,OR,17110
36035,Fulton County,NY,28301
48031,Blanco County,TX,6644
45001,Abbeville County,SC,9613
38081,Sargent County,ND,2248
47057,Grainger County,TN,11207
18009,Blackford County,IN,5360
54063,Monroe County,WV,6342
05065,Izard County,AR,5045
12055,Highlands County,FL,54285
27023,Chippewa County,MN,6103
30109,Wibaux County,MT,268
22083,Richland Parish,LA,8387
48321,Matagorda County,TX,16757
08103,Rio Blanco County,CO,2377
37015,Bertie County,NC,9488
20033,Comanche County,KS,761
51147,Prince Edward County,VA,6983
19023,Butler County,IA,8133
55139,Winnebago County,WI,102607
46129,Walworth County,SD,2483
47189,Wilson County,TN,75036
20059,Franklin County,KS,12715
21153,Magoffin County,KY,6092
17013,Calhoun County,IL,2411
37155,Robeson County,NC,53375
13237,Putnam County,GA,9284
21017,Bourbon County,KY,11159
37099,Jackson County,NC,23459
22075,Plaquemines Parish,LA,15506
22059,La Salle Parish,LA,6411
34041,Warren County,NJ,69483
49005,Cache County,UT,71068
31095,Jefferson County,NE,3801
40135,Sequoyah County,OK,16170
42129,Westmoreland County,PA,196463
55053,Jackson County,WI,10109
78030,St. Thomas Island,VI,23152
13189,McDuffie County,GA,9314
05115,Pope County,AR,31001
13077,Coweta County,GA,64481
28003,Alcorn County,MS,13945
21205,Rowan County,KY,12305
38059,Morton County,ND,13931
38035,Grand Forks County,ND,39969
48291,Liberty County,TX,35839
16055,Kootenai County,ID,74589
39125,Paulding County,OH,7716
51049,Cumberland County,VA,3577
36095,Schoharie County,NY,17297
01047,Dallas County,AL,16274
48103,Crane County,TX,1737
55041,Forest County,WI,5272
54089,Summers County,WV,7794
UNK,Unknown County,PW,17234
30103,Treasure County,MT,331
05149,Yell County,AR,10161
29185,St. Clair County,MO,3163
21043,Carter County,KY,12794
72113,Ponce Municipio,PR,109207
46057,Hamlin County,SD,2776
31175,Valley County,NE,1338
17099,LaSalle County,IL,62672
21085,Grayson County,KY,13196
30077,Powell County,MT,3050
72011,Anasco Municipio,PR,19309
20009,Barton County,KS,10828
39105,Meigs County,OH,10448
53021,Franklin County,WA,48154
29071,Franklin County,MO,55301
34019,Hunterdon County,NJ,85606
30091,Sheridan County,MT,1574
51071,Giles County,VA,7439
29087,Holt County,MO,1801
51089,Henry County,VA,19517
12086,Miami-Dade County,FL,2238267
47133,Overton County,TN,7700
54073,Pleasants County,WV,3813
20065,Graham County,KS,1192
18093,Lawrence County,IN,21902
27083,Lyon County,MN,14096
25003,Berkshire County,MA,70989
08117,Summit County,CO,25720
17147,Piatt County,IL,9813
51670,Hopewell city,VA,7041
30003,Big Horn County,MT,11414
47177,Warren County,TN,16608
26077,Kalamazoo County,MI,158891
48327,Menard County,TX,1124
27155,Traverse County,MN,2004
48333,Mills County,TX,2115
31005,Arthur County,NE,88
19167,Sioux County,IA,14201
47159,Smith County,TN,6516
40051,Grady County,OK,20607
45051,Horry County,SC,195695
UNK,Unknown County,NC,182723
22069,Natchitoches Parish,LA,16028
28093,Marshall County,MS,18507
30055,McCone County,MT,290
36009,Cattaraugus County,NY,41828
39031,Coshocton County,OH,13903
48113,Dallas County,TX,1540834
40097,Mayes County,OK,17376
22057,Lafourche Parish,LA,42677
13143,Haralson County,GA,9729
41065,Wasco County,OR,17050
40029,Coal County,OK,2150
55091,Pepin County,WI,3528
48379,Rains County,TX,4491
17097,Lake County,IL,521691
30027,Fergus County,MT,5088
54015,Clay County,WV,4661
18061,Harrison County,IN,20094
47111,Macon County,TN,7591
45015,Berkeley County,SC,115158
UNK,Unknown County,IA,49553
20183,Smith County,KS,1573
12089,Nassau County,FL,49931
22061,Lincoln Parish,LA,19599
40053,Grant County,OK,1807
36067,Onondaga County,NY,330913
53011,Clark County,WA,306325
UNK,Unknown County,VT,130734
47031,Coffee County,TN,25429
20117,Marshall County,KS,6129
29199,Scotland County,MO,1259
47173,Union County,TN,6797
42105,Potter County,PA,6008
55111,Sauk County,WI,39976
40019,Carter County,OK,20588
72054,Florida Municipio,PR,9326
20039,Decatur County,KS,1119
78020,St. John Island,VI,2990
28095,Monroe County,MS,17409
06107,Tulare County,CA,240124
31179,Wayne County,NE,3800
01077,Lauderdale County,AL,41857
48359,Oldham County,TX,731
19105,Jones County,IA,11910
42121,Venango County,PA,22560
54099,Wayne County,WV,20737
29051,Cole County,MO,39526
51097,King and Queen County,VA,3503
02282,Yakutat City and Borough,AK,437
46069,Hyde County,SD,689
20083,Hodgeman County,KS,789
31007,Banner County,NE,236
31061,Franklin County,NE,1134
42125,Washington County,PA,128605
48101,Cottle County,TX,448
19077,Guthrie County,IA,6122
48361,Orange County,TX,29537
47181,Wayne County,TN,6690
48085,Collin County,TX,677280
48075,Childress County,TX,3328
05085,Lonoke County,AR,34063
13039,Camden County,GA,29934
08095,Phillips County,CO,2159
27051,Grant County,MN,3205
19067,Floyd County,IA,8133
18167,Vigo County,IN,52012
36103,Suffolk County,NY,1081770
51051,Dickenson County,VA,6544
72153,Yauco Municipio,PR,27568
46043,Douglas County,SD,1486
41045,Malheur County,OR,14166
18065,Henry County,IN,24411
35019,Guadalupe County,NM,2938
20113,McPherson County,KS,15492
48399,Runnels County,TX,4482
47071,Hardin County,TN,10191
38003,Barnes County,ND,5887
17103,Lee County,IL,20071
06037,Los Angeles County,CA,7013985
20191,Sumner County,KS,9658
40103,Noble County,OK,6797
16085,Valley County,ID,6893
48091,Comal County,TX,94418
13037,Calhoun County,GA,2907
20121,Miami County,KS,15894
56039,Teton County,WY,21139
25025,Suffolk County,MA,568452
31159,Seward County,NE,8455
19163,Scott County,IA,103103
48363,Palo Pinto County,TX,11050
22063,Livingston Parish,LA,54542
13169,Jones County,GA,12317
26075,Jackson County,MI,81197
45083,Spartanburg County,SC,136766
37125,Moore County,NC,58179
30085,Roosevelt County,MT,7418
25001,Barnstable County,MA,0
48413,Schleicher County,TX,1160
20067,Grant County,KS,3293
27119,Polk County,MN,17800
51057,Essex County,VA,4996
25011,Franklin County,MA,46789
39137,Putnam County,OH,16146
27047,Freeborn County,MN,16961
30089,Sanders County,MT,4537
37143,Perquimans County,NC,6320
48493,Wilson County,TX,26350
48409,San Patricio County,TX,36276
56009,Converse County,WY,4588
01053,Escambia County,AL,12961
08079,Mineral County,CO,624
08125,Yuma County,CO,4286
24011,Caroline County,MD,18415
16007,Bear Lake County,ID,2747
20143,Ottawa County,KS,2436
UNK,Unknown County,KS,111595
05101,Newton County,AR,2571
18105,Monroe County,IN,85698
37117,Martin County,NC,11420
55095,Polk County,WI,21766
10005,Sussex County,DE,153444
25021,Norfolk County,MA,544566
47129,Morgan County,TN,10810
50013,Grand Isle County,VT,5732
48471,Walker County,TX,34155
48349,Navarro County,TX,21944
41001,Baker County,OR,11192
38031,Foster County,ND,1727
17041,Douglas County,IL,9210
20131,Nemaha County,KS,5397
29211,Sullivan County,MO,2541
29093,Iron County,MO,3829
51740,Portsmouth city,VA,45656
31065,Furnas County,NE,2027
54023,Grant County,WV,5054
72025,Caguas Municipio,PR,97848
40105,Nowata County,OK,4251
01019,Cherokee County,AL,7854
51173,Smyth County,VA,14163
40101,Muskogee County,OK,33949
20011,Bourbon County,KS,5228
48011,Armstrong County,TX,756
37007,Anson County,NC,11026
51009,Amherst County,VA,14456
39021,Champaign County,OH,17390
22107,Tensas Parish,LA,2653
53019,Ferry County,WA,4190
12045,Gulf County,FL,6890
29227,Worth County,MO,802
54061,Monongalia County,WV,60891
42001,Adams County,PA,55393
12069,Lake County,FL,236621
37069,Franklin County,NC,34910
48223,Hopkins County,TX,14249
48057,Calhoun County,TX,11939
51143,Pittsylvania County,VA,24720
27159,Wadena County,MN,6653
50007,Chittenden County,VT,118778
16075,Payette County,ID,7438
18079,Jennings County,IN,10867
34001,Atlantic County,NJ,169642
31135,Perkins County,NE,1157
46119,Sully County,SD,602
48481,Wharton County,TX,20250
55037,Florence County,WI,2321
08081,Moffat County,CO,5610
18161,Union County,IN,3417
17077,Jackson County,IL,29017
18115,Ohio County,IN,4329
28035,Forrest County,MS,31318
39129,Pickaway County,OH,28826
37111,McDowell County,NC,23472
48491,Williamson County,TX,393005
54047,McDowell County,WV,8828
48067,Cass County,TX,10328
42055,Franklin County,PA,73830
40093,Major County,OK,3713
48005,Angelina County,TX,39632
28117,Prentiss County,MS,10449
27009,Benton County,MN,17133
49001,Beaver County,UT,3089
21001,Adair County,KY,7311
20149,Pottawatomie County,KS,9758
13075,Cook County,GA,6859
53069,Wahkiakum County,WA,2156
21233,Webster County,KY,5827
51175,Southampton County,VA,6425
34039,Union County,NJ,380535
22093,St. James Parish,LA,10624
51183,Sussex County,VA,3852
26059,Hillsdale County,MI,17134
37013,Beaufort County,NC,25255
17183,Vermilion County,IL,33832
28097,Montgomery County,MS,5320
29195,Saline County,MO,10326
46007,Bennett County,SD,1863
28131,Stone County,MS,8184
06021,Glenn County,CA,15161
08097,Pitkin County,CO,14466
51007,Amelia County,VA,4469
13249,Schley County,GA,1786
17191,Wayne County,IL,6285
41013,Crook County,OR,12146
18049,Fulton County,IN,7786
33019,Sullivan County,NH,26861
19033,Cerro Gordo County,IA,26278
28145,Union County,MS,11051
36045,Jefferson County,NY,78251
35031,McKinley County,NM,59308
21125,Laurel County,KY,24015
12001,Alachua County,FL,174621
44001,Bristol County,RI,37385
51750,Radford city,VA,6337
19169,Story County,IA,60181
18109,Morgan County,IN,36967
09015,Windham County,CT,72718
UNK,Unknown County,DC,27645
12107,Putnam County,FL,30368
29201,Scott County,MO,16280
29215,Texas County,MO,8153
04007,Gila County,AZ,30949
26133,Osceola County,MI,9642
05037,Cross County,AR,8220
21163,Meade County,KY,10897
51730,Petersburg city,VA,10922
17033,Crawford County,IL,9368
37089,Henderson County,NC,66625
45011,Barnwell County,SC,11336
53037,Kittitas County,WA,25354
28067,Jones County,MS,28620
53073,Whatcom County,WA,160703
39149,Shelby County,OH,17104
54067,Nicholas County,WV,12621
13165,Jenkins County,GA,3165
06077,San Joaquin County,CA,424046
06031,Kings County,CA,73025
33005,Cheshire County,NH,46515
08109,Saguache County,CO,2377
19195,Worth County,IA,3756
18171,Warren County,IN,3698
19085,Harrison County,IA,7149
18089,Lake County,IN,264627
UNK,Unknown County,KY,149827
18007,Benton County,IN,3574
37021,Buncombe County,NC,169521
21155,Marion County,KY,9457
72145,Vega Baja Municipio,PR,39513
21223,Trimble County,KY,3575
46085,Lyman County,SD,2345
UNK,Unknown County,NH,54592
47077,Henderson County,TN,11368
47021,Cheatham County,TN,23204
44007,Providence County,RI,436884
26085,Lake County,MI,7119
39171,Williams County,OH,16066
48197,Hardeman County,TX,1777
47045,Dyer County,TN,14400
17141,Ogle County,IL,28737
53001,Adams County,WA,11383
19109,Kossuth County,IA,7553
37165,Scotland County,NC,15843
13107,Emanuel County,GA,8836
17095,Knox County,IL,28511
27129,Renville County,MN,7787
20091,Johnson County,KS,440138
47103,Lincoln County,TN,13939
19015,Boone County,IA,16659
19117,Lucas County,IA,3823
21015,Boone County,KY,80884
17039,De Witt County,IL,8100
19003,Adams County,IA,1994
18163,Vanderburgh County,IN,101859
31051,Dixon County,NE,2399
28111,Perry County,MS,4384
72067,Hormigueros Municipio,PR,12150
31183,Wheeler County,NE,237
36047,Kings County,NY,1768990
37105,Lee County,NC,33783
28077,Lawrence County,MS,6760
22019,Calcasieu Parish,LA,83781
47003,Bedford County,TN,20619
48431,Sterling County,TX,512
26079,Kalkaska County,MI,8285
26137,Otsego County,MI,13429
31033,Cheyenne County,NE,3730
22039,Evangeline Parish,LA,12523
08039,Elbert County,CO,9826
51700,Newport News city,VA,90596
26109,Menominee County,MI,15993
05093,Mississippi County,AR,16134
48173,Glasscock County,TX,607
38073,Ransom County,ND,3045
31073,Gosper County,NE,773
49027,Millard County,UT,5699
48283,La Salle County,TX,4641
53045,Mason County,WA,39426
50017,Orange County,VT,15037
01051,Elmore County,AL,36331
26157,Tuscola County,MI,23559
01081,Lee County,AL,64131
05137,Stone County,AR,4458
01037,Coosa County,AL,4235
21209,Scott County,KY,30980
19115,Louisa County,IA,5695
42023,Cameron County,PA,2398
47033,Crockett County,TN,6704
22109,Terrebonne Parish,LA,48399
42077,Lehigh County,PA,260391
48239,Jackson County,TX,6508
06001,Alameda County,CA,1333073
05063,Independence County,AR,15118
55115,Shawano County,WI,21389
12041,Gilchrist County,FL,6670
13115,Floyd County,GA,40518
01055,Etowah County,AL,41008
46021,Campbell County,SD,636
23001,Androscoggin County,ME,74027
13125,Glascock County,GA,960
53013,Columbia County,WA,1811
28153,Wayne County,MS,7628
48487,Wilbarger County,TX,6476
39175,Wyandot County,OH,10121
UNK,Unknown County,CA,691490
48265,Kerr County,TX,26029
48099,Coryell County,TX,39269
13033,Burke County,GA,12279
51570,Colonial Heights city,VA,6267
27067,Kandiyohi County,MN,22679
12127,Volusia County,FL,322869
13251,Screven County,GA,6592
29081,Harrison County,MO,2770
16015,Boise County,ID,2595
30045,Judith Basin County,MT,785
48407,San Jacinto County,TX,9697
46027,Clay County,SD,9364
48003,Andrews County,TX,8038
21129,Lee County,KY,3589
17163,St. Clair County,IL,157628
48317,Martin County,TX,1785
42067,Juniata County,PA,9745
13233,Polk County,GA,16042
36107,Tioga County,NY,28403
19071,Fremont County,IA,3544
29217,Vernon County,MO,7038
35053,Socorro County,NM,11063
26063,Huron County,MI,16436
30073,Pondera County,MT,3155
51113,Madison County,VA,7131
47145,Roane County,TN,23285
UNK,Unknown County,AZ,98520
17187,Warren County,IL,8231
01099,Monroe County,AL,8822
46023,Charles Mix County,SD,4881
17069,Hardin County,IL,1571
17179,Tazewell County,IL,76813
40125,Pottawatomie County,OK,34034
42021,Cambria County,PA,71172
47047,Fayette County,TN,22836
36061,New York County,NY,1348711
51735,Poquoson city,VA,0
12017,Citrus County,FL,82885
22015,Bossier Parish,LA,62257
72135,Toa Alta Municipio,PR,47839
46137,Ziebach County,SD,849
01117,Shelby County,AL,76827
50015,Lamoille County,VT,15699
21149,McLean County,KY,4600
42033,Clearfield County,PA,38563
30079,Prairie County,MT,403
29037,Cass County,MO,53324
29043,Christian County,MO,39759
13255,Spalding County,GA,26228
48325,Medina County,TX,28010
20115,Marion County,KS,5701
08015,Chaffee County,CO,12801
51045,Craig County,VA,1678
17167,Sangamon County,IL,125279
40015,Caddo County,OK,18321
26023,Branch County,MI,19140
08083,Montezuma County,CO,15939
29221,Washington County,MO,7599
16041,Franklin County,ID,5958
72031,Carolina Municipio,PR,113460
29139,Montgomery County,MO,5496
37009,Ashe County,NC,14133
72049,Culebra Municipio,PR,1743
51181,Surry County,VA,3468
13313,Whitfield County,GA,43952
35028,Los Alamos County,NM,16025
46109,Roberts County,SD,7222
35007,Colfax County,NM,7254
48159,Franklin County,TX,3852
48391,Refugio County,TX,3662
